year_quarter,client_id,client_name,account_id,account_type,annual_management_fee,quarter_avg_daily_balance,billing_fees_collected
2025-Q2,531361,Aaron Grant,230,401(k),0.009,615817.1315,1385.588546
2025-Q2,531361,Aaron Grant,231,401(k),0.008,570004.1311,1140.008262
2025-Q2,531361,Aaron Grant,232,401(k),0.01,57919.17387,144.7979347
2025-Q2,531361,Aaron Grant,233,401(k),0.0095,538496.4731,1278.929123
2025-Q2,385729,Allison Sanchez,29,Taxable brokerage,0.0092,144854.3489,333.1650024
2025-Q2,385729,Allison Sanchez,30,IRA,0.01,1971283.386,4928.208465
2025-Q2,385729,Allison Sanchez,31,401(k),0.0095,639134.6312,1517.944749
2025-Q2,406670,Amy Kennedy,215,Taxable Trust,0.0095,220960.7839,524.7818617
2025-Q2,406670,Amy Kennedy,216,401(k),0.0075,113440.1632,212.700306
2025-Q2,406670,Amy Kennedy,217,Joint taxable brokerage,0.0095,559858.9027,1329.664894
2025-Q2,191023,Amy Thomas,70,Taxable brokerage,0.01,49592.97435,123.9824359
2025-Q2,191023,Amy Thomas,71,401(k),0.0095,63353.40871,150.4643457
2025-Q2,475493,Andrew Mckay,202,Taxable Trust,0.0075,73126.695,137.1125531
2025-Q2,475493,Andrew Mckay,203,Taxable Trust,0.0085,51385.54629,109.1942859
2025-Q2,475493,Andrew Mckay,204,401(k),0.0075,526858.3277,987.8593645
2025-Q2,475493,Andrew Mckay,205,Taxable brokerage,0.0075,740929.8539,1389.243476
2025-Q2,670325,Andrew Wiggins,23,401(k),0.0095,1362197.573,3235.219236
2025-Q2,670325,Andrew Wiggins,24,Taxable brokerage,0.0095,2109432.616,5009.902464
2025-Q2,670325,Andrew Wiggins,25,Taxable brokerage,0.01,245944.0859,614.8602147
2025-Q2,614807,Anna Stone,206,Taxable brokerage,0.01,136077.4877,340.1937194
2025-Q2,614807,Anna Stone,207,401(k),0.0095,2205457.392,5237.961306
2025-Q2,614807,Anna Stone,208,Taxable Trust,0.008,183556.8237,367.1136474
2025-Q2,614807,Anna Stone,209,Taxable brokerage,0.009,687186.5168,1546.169663
2025-Q2,677015,Annette George,160,401(k),0.0075,55265.24306,103.6223307
2025-Q2,677015,Annette George,161,Joint taxable brokerage,0.01,691357.5035,1728.393759
2025-Q2,677015,Annette George,162,Taxable Trust,0.0085,137761.6889,292.7435889
2025-Q2,677015,Annette George,163,401(k),0.0092,1764652.847,4058.701548
2025-Q2,439398,Anthony Allen,32,Taxable Trust,0.01,57907.08613,144.7677153
2025-Q2,439398,Anthony Allen,33,Joint taxable brokerage,0.008,368287.5926,736.5751852
2025-Q2,439398,Anthony Allen,34,401(k),0.01,2084263.044,5210.65761
2025-Q2,551045,Anthony Smith,5,Taxable Trust,0.008,593647.2695,1187.294539
2025-Q2,551045,Anthony Smith,6,Taxable brokerage,0.0092,59418.72,136.663056
2025-Q2,177781,Ashley Rodriguez,147,Taxable brokerage,0.0095,2276744.92,5407.269185
2025-Q2,304881,Brad Kelley,236,401(k),0.0075,419692.4035,786.9232567
2025-Q2,304881,Brad Kelley,237,IRA,0.009,63739.0221,143.4127997
2025-Q2,578477,Brian Lee,136,Joint taxable brokerage,0.0092,553095.406,1272.119434
2025-Q2,578477,Brian Lee,137,Taxable Trust,0.01,39211.34581,98.02836452
2025-Q2,380587,Brianna Becker,119,IRA,0.0092,221259.239,508.8962498
2025-Q2,316315,Brittany Paul,145,401(k),0.0075,257719.9479,483.2249023
2025-Q2,316315,Brittany Paul,146,Taxable Trust,0.0075,198684.67,372.5337563
2025-Q2,582188,Brittney Ramirez,79,Taxable brokerage,0.0085,535790.2195,1138.554216
2025-Q2,582188,Brittney Ramirez,80,401(k),0.009,63063.85903,141.8936828
2025-Q2,582188,Brittney Ramirez,81,Taxable Trust,0.0085,513456.3773,1091.094802
2025-Q2,617803,Bryan Sherman,186,IRA,0.0075,1911230.517,3583.55722
2025-Q2,617803,Bryan Sherman,187,Joint taxable brokerage,0.009,684315.58,1539.710055
2025-Q2,617803,Bryan Sherman,188,IRA,0.01,461753.2102,1154.383025
2025-Q2,617803,Bryan Sherman,189,Taxable brokerage,0.0092,121095.5855,278.5198466
2025-Q2,820768,Cameron Short,199,Taxable Trust,0.009,48338.66694,108.7620006
2025-Q2,612787,Charles Sanders,210,Taxable Trust,0.0075,588851.5368,1104.096631
2025-Q2,612787,Charles Sanders,211,Taxable brokerage,0.0095,213840.6431,507.8715273
2025-Q2,612787,Charles Sanders,212,401(k),0.009,2260827.011,5086.860775
2025-Q2,612787,Charles Sanders,213,Taxable brokerage,0.01,100566.0371,251.4150927
2025-Q2,766569,Charles Wells,148,Taxable brokerage,0.0085,31517.57613,66.97484927
2025-Q2,766569,Charles Wells,149,Taxable Trust,0.0092,1131265.212,2601.909989
2025-Q2,766569,Charles Wells,150,Taxable Trust,0.0075,658752.8763,1235.161643
2025-Q2,414446,Chelsea Smith,191,Joint taxable brokerage,0.0095,469205.4408,1114.362922
2025-Q2,414446,Chelsea Smith,192,Joint taxable brokerage,0.009,1619273.351,3643.365041
2025-Q2,395956,Christopher Johnson,99,Taxable Trust,0.0085,623371.7408,1324.664949
2025-Q2,395956,Christopher Johnson,100,Joint taxable brokerage,0.0095,714069.1798,1695.914302
2025-Q2,789362,Clinton Parker,7,Taxable Trust,0.0092,66365.53968,152.6407413
2025-Q2,789362,Clinton Parker,8,IRA,0.009,161521.3531,363.4230444
2025-Q2,789362,Clinton Parker,9,Taxable brokerage,0.008,2410726.809,4821.453619
2025-Q2,147626,Crystal Rose,56,Joint taxable brokerage,0.01,60333.05581,150.8326395
2025-Q2,147626,Crystal Rose,57,Taxable brokerage,0.008,46615.0775,93.230155
2025-Q2,553335,Curtis Bauer,35,IRA,0.0085,1840640.748,3911.361589
2025-Q2,553335,Curtis Bauer,36,Taxable brokerage,0.009,68068.09113,153.153205
2025-Q2,405046,Cynthia Carter,132,401(k),0.0085,506987.6645,1077.348787
2025-Q2,405046,Cynthia Carter,133,Joint taxable brokerage,0.009,680145.2539,1530.326821
2025-Q2,405046,Cynthia Carter,134,Taxable brokerage,0.01,1296511.112,3241.277779
2025-Q2,405046,Cynthia Carter,135,401(k),0.008,766385.4453,1532.770891
2025-Q2,676511,Cynthia Williams,117,Taxable Trust,0.0095,1947675.045,4625.728231
2025-Q2,676511,Cynthia Williams,118,Taxable brokerage,0.009,1519284.613,3418.390379
2025-Q2,392846,Daniel Escobar,193,Joint taxable brokerage,0.0095,1647828.182,3913.591933
2025-Q2,392846,Daniel Escobar,194,IRA,0.01,1342703.638,3356.759095
2025-Q2,290616,Danielle Larson,151,Taxable Trust,0.0085,547792.6656,1164.059414
2025-Q2,435008,Daniel Smith,67,IRA,0.008,142057.095,284.11419
2025-Q2,435008,Daniel Smith,68,Taxable brokerage,0.0092,543201.5937,1249.363666
2025-Q2,435008,Daniel Smith,69,Joint taxable brokerage,0.0075,125345.1971,235.0222446
2025-Q2,814288,Daniel Ward,171,Taxable brokerage,0.008,1725018.659,3450.037318
2025-Q2,814288,Daniel Ward,172,Taxable brokerage,0.0092,730825.3671,1680.898344
2025-Q2,144944,Daryl Holt,176,Taxable brokerage,0.008,236180.957,472.361914
2025-Q2,144944,Daryl Holt,177,401(k),0.0075,268522.47,503.4796313
2025-Q2,144944,Daryl Holt,178,Taxable Trust,0.0092,52068.78571,119.7582071
2025-Q2,144944,Daryl Holt,179,Taxable Trust,0.0095,182807.1533,434.1669892
2025-Q2,692430,David Fischer,101,IRA,0.0075,572137.6653,1072.758122
2025-Q2,692430,David Fischer,102,Joint taxable brokerage,0.0075,619293.0766,1161.174519
2025-Q2,692430,David Fischer,103,Joint taxable brokerage,0.0075,45478.20758,85.27163921
2025-Q2,726708,Eric Miller,140,Taxable brokerage,0.008,254885.4734,509.7709468
2025-Q2,726708,Eric Miller,141,Taxable Trust,0.0095,759841.1735,1804.622787
2025-Q2,464227,Erin Reeves,138,401(k),0.0085,1456172.214,3094.365956
2025-Q2,464227,Erin Reeves,139,IRA,0.0095,198129.8058,470.5582888
2025-Q2,347862,Gabrielle Russell,190,Taxable brokerage,0.0092,21468.04952,49.37651389
2025-Q2,899899,George Henderson,60,Taxable Trust,0.0092,33644.13206,77.38150374
2025-Q2,262095,Holly George,142,Taxable Trust,0.0092,614569.3644,1413.509538
2025-Q2,262095,Holly George,143,401(k),0.0075,1732429.114,3248.304589
2025-Q2,262095,Holly George,144,Taxable brokerage,0.0095,1833833.092,4355.353594
2025-Q2,506352,Jack Williams,222,401(k),0.008,1551751.041,3103.502082
2025-Q2,506352,Jack Williams,223,Joint taxable brokerage,0.0095,660980.5094,1569.82871
2025-Q2,299356,Jason Brewer,120,Taxable brokerage,0.01,255525.6663,638.8141657
2025-Q2,299356,Jason Brewer,121,Joint taxable brokerage,0.009,39282.75548,88.38619984
2025-Q2,299356,Jason Brewer,122,Taxable Trust,0.0092,694561.2413,1597.490855
2025-Q2,299356,Jason Brewer,123,IRA,0.0092,653401.1034,1502.822538
2025-Q2,701388,Jeff Cruz,50,Taxable brokerage,0.0085,748116.11,1589.746734
2025-Q2,701388,Jeff Cruz,51,401(k),0.01,166067.0427,415.1676067
2025-Q2,701388,Jeff Cruz,52,Taxable Trust,0.01,50656.45,126.641125
2025-Q2,436054,Jeffrey Miller,129,Taxable Trust,0.0075,2015396.775,3778.868954
2025-Q2,436054,Jeffrey Miller,130,Joint taxable brokerage,0.009,40955.49355,92.14986048
2025-Q2,436054,Jeffrey Miller,131,Joint taxable brokerage,0.008,248865.3835,497.7307671
2025-Q2,741684,Jenna Frye,156,IRA,0.01,1507086.449,3767.716121
2025-Q2,741684,Jenna Frye,157,Joint taxable brokerage,0.0075,33896.50032,63.5559381
2025-Q2,843272,Jennifer Perez,158,Taxable brokerage,0.0092,516040.47,1186.893081
2025-Q2,843272,Jennifer Perez,159,Joint taxable brokerage,0.0095,149378.516,354.7739754
2025-Q2,877251,Jennifer Steele,58,Joint taxable brokerage,0.009,24728.55887,55.63925746
2025-Q2,877251,Jennifer Steele,59,Taxable brokerage,0.0095,228581.9261,542.8820746
2025-Q2,203011,Jerry Boyd,87,IRA,0.0092,1998421.054,4596.368425
2025-Q2,203011,Jerry Boyd,88,Taxable brokerage,0.0095,2059357.211,4890.973375
2025-Q2,203011,Jerry Boyd,89,401(k),0.0095,536028.7398,1273.068257
2025-Q2,551947,John Brooks,73,Taxable brokerage,0.0085,50977.51903,108.3272279
2025-Q2,551947,John Brooks,74,401(k),0.0085,241892.524,514.0216136
2025-Q2,860321,Jonathan Baker,234,IRA,0.0085,33662.21629,71.53220962
2025-Q2,860321,Jonathan Baker,235,Taxable brokerage,0.009,163703.1061,368.3319888
2025-Q2,696606,Jonathan Zuniga,104,Taxable Trust,0.0095,1869328.03,4439.654071
2025-Q2,520691,Jon Taylor,94,Taxable brokerage,0.0092,179791.4181,413.5202617
2025-Q2,400658,Joseph Brown,17,IRA,0.0092,731132.9213,1681.605719
2025-Q2,400658,Joseph Brown,18,Joint taxable brokerage,0.0085,138515.34,294.3450975
2025-Q2,897470,Joseph Ramos,229,Joint taxable brokerage,0.0095,132081.1818,313.6928067
2025-Q2,725211,Joseph Schultz,173,Joint taxable brokerage,0.0092,785436.9237,1806.504925
2025-Q2,725211,Joseph Schultz,174,Taxable brokerage,0.0092,35622.47946,81.93170276
2025-Q2,725211,Joseph Schultz,175,Taxable Trust,0.0095,141056.9371,335.0102257
2025-Q2,218984,Joshua Brown,227,Joint taxable brokerage,0.01,596766.4348,1491.916087
2025-Q2,218984,Joshua Brown,228,Taxable brokerage,0.01,2205942.506,5514.856265
2025-Q2,126242,Kelsey Whitaker,167,Taxable brokerage,0.009,256865.8597,577.9481843
2025-Q2,126242,Kelsey Whitaker,168,Taxable Trust,0.0085,201162.7927,427.4709346
2025-Q2,126242,Kelsey Whitaker,169,Joint taxable brokerage,0.008,468493.3331,936.9866661
2025-Q2,126242,Kelsey Whitaker,170,Taxable Trust,0.0075,592482.2473,1110.904214
2025-Q2,136094,Kevin Armstrong,2,IRA,0.01,175460.4047,438.6510117
2025-Q2,755000,Kevin Davis,195,IRA,0.0075,451858.47,847.2346313
2025-Q2,755000,Kevin Davis,196,Taxable Trust,0.0085,1678442.223,3566.689724
2025-Q2,755000,Kevin Davis,197,Taxable Trust,0.01,2061846.323,5154.615807
2025-Q2,755000,Kevin Davis,198,IRA,0.0075,827797.9545,1552.121165
2025-Q2,694299,Kevin Nelson,13,Taxable brokerage,0.008,159554.6684,319.1093368
2025-Q2,256049,Kimberly Joseph,224,Taxable Trust,0.0075,677485.1597,1270.284674
2025-Q2,256049,Kimberly Joseph,225,Taxable brokerage,0.0075,185360.5647,347.5510588
2025-Q2,256049,Kimberly Joseph,226,IRA,0.008,1605911.305,3211.82261
2025-Q2,738059,Kristin Ford,44,Taxable brokerage,0.009,244954.721,551.1481222
2025-Q2,738059,Kristin Ford,45,401(k),0.009,579245.5,1303.302375
2025-Q2,738059,Kristin Ford,46,IRA,0.0085,204482.8355,434.5260254
2025-Q2,120893,Kyle Moran,220,Joint taxable brokerage,0.0095,48657.92887,115.5625811
2025-Q2,120893,Kyle Moran,221,Joint taxable brokerage,0.008,102719.2423,205.4384847
2025-Q2,788256,Laura Hampton,14,401(k),0.0092,605862.6903,1393.484188
2025-Q2,788256,Laura Hampton,15,Taxable Trust,0.0075,110372.7316,206.9488718
2025-Q2,788256,Laura Hampton,16,Joint taxable brokerage,0.0075,1251722.873,2346.980388
2025-Q2,122027,Lauren Frazier,82,401(k),0.0095,260919.2142,619.6831337
2025-Q2,122027,Lauren Frazier,83,Taxable brokerage,0.0075,634788.2868,1190.228038
2025-Q2,854552,Lisa Harris,1,Joint taxable brokerage,0.0095,1864929.015,4429.206409
2025-Q2,143280,Lisa Maynard,61,IRA,0.0075,47259.512,88.611585
2025-Q2,500893,Matthew Barker,166,Taxable Trust,0.0085,1760803.639,3741.707734
2025-Q2,398662,Melinda Nguyen,112,401(k),0.0092,55903.36032,128.5777287
2025-Q2,398662,Melinda Nguyen,113,Taxable Trust,0.0092,1966598.37,4523.176251
2025-Q2,598233,Melissa Sanchez,75,Taxable Trust,0.0095,668795.1133,1588.388394
2025-Q2,598233,Melissa Sanchez,76,401(k),0.008,71024.11529,142.0482306
2025-Q2,598233,Melissa Sanchez,77,Taxable Trust,0.0095,49191.05441,116.8287542
2025-Q2,598233,Melissa Sanchez,78,Taxable brokerage,0.0075,2367653.403,4439.35013
2025-Q2,425130,Michael Pennington,37,Taxable brokerage,0.0095,2115051.508,5023.247331
2025-Q2,425130,Michael Pennington,38,Taxable brokerage,0.01,2041004.74,5102.511851
2025-Q2,857707,Michelle Davis,39,401(k),0.008,2118463.34,4236.926681
2025-Q2,857707,Michelle Davis,40,Taxable brokerage,0.0075,45461.5825,85.24046719
2025-Q2,857707,Michelle Davis,41,IRA,0.0092,2127459.012,4893.155727
2025-Q2,420508,Michelle Jackson,200,IRA,0.0075,1842468.148,3454.627777
2025-Q2,420508,Michelle Jackson,201,Taxable Trust,0.0095,58672.14508,139.3463446
2025-Q2,434140,Michelle White,53,Taxable brokerage,0.0075,194758.0053,365.17126
2025-Q2,434140,Michelle White,54,IRA,0.0095,206681.2612,490.8679954
2025-Q2,434140,Michelle White,55,Taxable Trust,0.0092,137013.1224,315.1301814
2025-Q2,213444,Paige Edwards,47,Taxable Trust,0.009,43359.69097,97.55930468
2025-Q2,213444,Paige Edwards,48,401(k),0.0075,520560.3292,976.0506172
2025-Q2,213444,Paige Edwards,49,401(k),0.0075,34043.55113,63.83165837
2025-Q2,516349,Rachel Larson,21,IRA,0.01,137326.606,343.3165149
2025-Q2,516349,Rachel Larson,22,Taxable Trust,0.0092,165994.7126,381.7878389
2025-Q2,526573,Richard Wilson,92,401(k),0.0092,116434.1569,267.7985608
2025-Q2,526573,Richard Wilson,93,Taxable brokerage,0.0095,32061.74857,76.14665286
2025-Q2,791939,Robert Lewis,164,IRA,0.008,602356.7084,1204.713417
2025-Q2,791939,Robert Lewis,165,Taxable Trust,0.0085,2093905.14,4449.548423
2025-Q2,892357,Robert Long,62,Taxable brokerage,0.008,65534.01419,131.0680284
2025-Q2,892357,Robert Long,63,401(k),0.0075,742235.5897,1391.691731
2025-Q2,892357,Robert Long,64,Joint taxable brokerage,0.01,767475.7919,1918.68948
2025-Q2,668899,Ronald Gomez,95,Joint taxable brokerage,0.01,209591.3219,523.9783048
2025-Q2,668899,Ronald Gomez,96,401(k),0.01,2017375.034,5043.437585
2025-Q2,668899,Ronald Gomez,97,Taxable Trust,0.0095,734117.0828,1743.528072
2025-Q2,668899,Ronald Gomez,98,IRA,0.009,57627.50323,129.6618823
2025-Q2,853145,Russell Decker,72,IRA,0.0092,233355.5033,536.7176577
2025-Q2,297470,Russell Gay,19,IRA,0.0075,631738.3489,1184.509404
2025-Q2,297470,Russell Gay,20,Taxable brokerage,0.01,2028041.238,5070.103095
2025-Q2,698603,Ryan Porter,90,401(k),0.0095,61546.66952,146.1733401
2025-Q2,698603,Ryan Porter,91,Joint taxable brokerage,0.01,489723.7105,1224.309276
2025-Q2,468506,Sandra Bender,183,401(k),0.008,63720.04742,127.4400948
2025-Q2,468506,Sandra Bender,184,Taxable Trust,0.0075,70019.54935,131.286655
2025-Q2,766469,Scott Hart,238,Taxable Trust,0.0085,40586.67371,86.24668163
2025-Q2,782285,Sean Hoffman,152,Taxable Trust,0.009,46225.5129,104.007404
2025-Q2,782285,Sean Hoffman,153,Taxable brokerage,0.0085,704813.1788,1497.728005
2025-Q2,782285,Sean Hoffman,154,Taxable brokerage,0.0075,44890.58839,84.16985323
2025-Q2,782285,Sean Hoffman,155,401(k),0.009,285577.7429,642.5499214
2025-Q2,104250,Sean Robles,185,Taxable Trust,0.01,1757311.253,4393.278133
2025-Q2,465141,Seth Bryant,10,Taxable Trust,0.01,1606888.737,4017.221842
2025-Q2,465141,Seth Bryant,11,IRA,0.0075,38348.995,71.90436563
2025-Q2,465141,Seth Bryant,12,401(k),0.0095,58282.13694,138.4200752
2025-Q2,460322,Sharon Cline,26,Taxable brokerage,0.0075,463932.3081,869.8730776
2025-Q2,460322,Sharon Cline,27,IRA,0.01,70672.41232,176.6810308
2025-Q2,460322,Sharon Cline,28,Joint taxable brokerage,0.01,1902655.829,4756.639573
2025-Q2,874194,Sharon Tran,180,Taxable Trust,0.0095,449794.0474,1068.260863
2025-Q2,874194,Sharon Tran,181,401(k),0.0095,563548.2787,1338.427162
2025-Q2,874194,Sharon Tran,182,Taxable brokerage,0.0075,1636835.743,3069.067018
2025-Q2,174151,Shawn Hines,124,Taxable brokerage,0.0085,576534.3473,1225.135488
2025-Q2,174151,Shawn Hines,125,Joint taxable brokerage,0.009,39386.48339,88.61958762
2025-Q2,501236,Stacy Jones,214,Taxable brokerage,0.0092,2062294.623,4743.277633
2025-Q2,296377,Stacy Trujillo,66,IRA,0.0085,1799139.256,3823.170918
2025-Q2,147043,Stephanie Baker,218,Joint taxable brokerage,0.0085,33046.84742,70.22455077
2025-Q2,147043,Stephanie Baker,219,Taxable brokerage,0.009,1749541.981,3936.469458
2025-Q2,721848,Stephanie Reid,42,IRA,0.0092,200159.6535,460.3672032
2025-Q2,721848,Stephanie Reid,43,Taxable Trust,0.0075,669016.3619,1254.405679
2025-Q2,248573,Stuart Roberts,105,401(k),0.008,417748.3194,835.4966387
2025-Q2,248573,Stuart Roberts,106,Joint taxable brokerage,0.0092,36024.10839,82.85544929
2025-Q2,248573,Stuart Roberts,107,Taxable Trust,0.0095,629474.3669,1495.001621
2025-Q2,248573,Stuart Roberts,108,Joint taxable brokerage,0.0095,1638949.949,3892.50613
2025-Q2,332944,Thomas Klein,126,Taxable brokerage,0.01,122417.1329,306.0428323
2025-Q2,332944,Thomas Klein,127,Taxable Trust,0.0085,509255.5261,1082.167993
2025-Q2,332944,Thomas Klein,128,Taxable brokerage,0.01,503752.4721,1259.38118
2025-Q2,670310,Thomas Mendoza,84,IRA,0.0095,170163.5866,404.1385182
2025-Q2,670310,Thomas Mendoza,85,401(k),0.008,1786370.223,3572.740446
2025-Q2,670310,Thomas Mendoza,86,Taxable brokerage,0.009,46594.38161,104.8373586
2025-Q2,544571,Tiffany Washington,109,Taxable brokerage,0.008,729086.38,1458.17276
2025-Q2,544571,Tiffany Washington,110,401(k),0.0092,117117.6961,269.3707011
2025-Q2,544571,Tiffany Washington,111,Taxable Trust,0.0092,506426.3355,1164.780572
2025-Q2,425652,Timothy Gates,65,Taxable Trust,0.009,22173.95677,49.89140274
2025-Q2,201606,Wayne Blackburn,3,Taxable brokerage,0.0085,51111.55226,108.6120485
2025-Q2,201606,Wayne Blackburn,4,401(k),0.0092,35111.39661,80.75621221
2025-Q2,667681,William Bennett,114,IRA,0.0095,260373.6482,618.3874145
2025-Q2,667681,William Bennett,115,IRA,0.0085,106579.181,226.4807596
2025-Q2,667681,William Bennett,116,Taxable brokerage,0.01,295091.8069,737.7295173
2025-Q1,531361,Aaron Grant,230,401(k),0.009,628835.992,1414.880982
2025-Q1,531361,Aaron Grant,231,401(k),0.008,525970.4523,1051.940905
2025-Q1,531361,Aaron Grant,232,401(k),0.01,58081.18633,145.2029658
2025-Q1,385729,Allison Sanchez,29,Taxable brokerage,0.0092,148513.8225,341.5817918
2025-Q1,385729,Allison Sanchez,30,IRA,0.01,1957297.752,4893.244379
2025-Q1,406670,Amy Kennedy,215,Taxable Trust,0.0095,234431.7067,556.7753033
2025-Q1,406670,Amy Kennedy,216,401(k),0.0075,115977.3552,217.4575409
2025-Q1,406670,Amy Kennedy,217,Joint taxable brokerage,0.0095,562602.5767,1336.18112
2025-Q1,191023,Amy Thomas,70,Taxable brokerage,0.01,50739.90017,126.8497504
2025-Q1,191023,Amy Thomas,71,401(k),0.0095,67941.4485,161.3609402
2025-Q1,475493,Andrew Mckay,202,Taxable Trust,0.0075,81432.3575,152.6856703
2025-Q1,475493,Andrew Mckay,203,Taxable Trust,0.0085,52274.395,111.0830894
2025-Q1,475493,Andrew Mckay,204,401(k),0.0075,516622.3358,968.6668796
2025-Q1,475493,Andrew Mckay,205,Taxable brokerage,0.0075,800946.6093,1501.774892
2025-Q1,670325,Andrew Wiggins,23,401(k),0.0095,1333668.275,3167.462152
2025-Q1,614807,Anna Stone,206,Taxable brokerage,0.01,139168.8843,347.9222108
2025-Q1,614807,Anna Stone,207,401(k),0.0095,2316148.368,5500.852375
2025-Q1,614807,Anna Stone,208,Taxable Trust,0.008,179529.431,359.058862
2025-Q1,614807,Anna Stone,209,Taxable brokerage,0.009,687030.8808,1545.819482
2025-Q1,677015,Annette George,160,401(k),0.0075,55664.08867,104.3701663
2025-Q1,677015,Annette George,161,Joint taxable brokerage,0.01,720239.4202,1800.59855
2025-Q1,677015,Annette George,162,Taxable Trust,0.0085,137394.2353,291.9627501
2025-Q1,677015,Annette George,163,401(k),0.0092,1906630.943,4385.251168
2025-Q1,439398,Anthony Allen,32,Taxable Trust,0.01,63293.34183,158.2333546
2025-Q1,439398,Anthony Allen,33,Joint taxable brokerage,0.008,373798.9068,747.5978137
2025-Q1,551045,Anthony Smith,5,Taxable Trust,0.008,643328.714,1286.657428
2025-Q1,551045,Anthony Smith,6,Taxable brokerage,0.0092,63147.6069,145.2394959
2025-Q1,177781,Ashley Rodriguez,147,Taxable brokerage,0.0095,2497826.193,5932.337208
2025-Q1,304881,Brad Kelley,236,401(k),0.0075,446042.0793,836.3288987
2025-Q1,304881,Brad Kelley,237,IRA,0.009,67987.80717,152.9725661
2025-Q1,578477,Brian Lee,136,Joint taxable brokerage,0.0092,546112.0218,1256.05765
2025-Q1,578477,Brian Lee,137,Taxable Trust,0.01,40383.94617,100.9598654
2025-Q1,380587,Brianna Becker,119,IRA,0.0092,222665.518,512.1306914
2025-Q1,316315,Brittany Paul,145,401(k),0.0075,262783.8893,492.7197925
2025-Q1,582188,Brittney Ramirez,79,Taxable brokerage,0.0085,563805.0823,1198.0858
2025-Q1,582188,Brittney Ramirez,80,401(k),0.009,66997.21067,150.743724
2025-Q1,582188,Brittney Ramirez,81,Taxable Trust,0.0085,539375.9895,1146.173978
2025-Q1,617803,Bryan Sherman,186,IRA,0.0075,1879605.635,3524.260565
2025-Q1,617803,Bryan Sherman,188,IRA,0.01,476775.6197,1191.939049
2025-Q1,617803,Bryan Sherman,189,Taxable brokerage,0.0092,125422.0857,288.470797
2025-Q1,820768,Cameron Short,199,Taxable Trust,0.009,50120.994,112.7722365
2025-Q1,612787,Charles Sanders,210,Taxable Trust,0.0075,597985.7217,1121.223228
2025-Q1,612787,Charles Sanders,211,Taxable brokerage,0.0095,217285.6887,516.0535106
2025-Q1,612787,Charles Sanders,213,Taxable brokerage,0.01,104008.4253,260.0210633
2025-Q1,766569,Charles Wells,148,Taxable brokerage,0.0085,31867.48767,67.71841129
2025-Q1,766569,Charles Wells,149,Taxable Trust,0.0092,1095610.922,2519.90512
2025-Q1,414446,Chelsea Smith,191,Joint taxable brokerage,0.0095,466261.8747,1107.371952
2025-Q1,395956,Christopher Johnson,99,Taxable Trust,0.0085,623827.38,1325.633183
2025-Q1,789362,Clinton Parker,7,Taxable Trust,0.0092,65837.16833,151.4254872
2025-Q1,789362,Clinton Parker,8,IRA,0.009,159547.7372,358.9824086
2025-Q1,789362,Clinton Parker,9,Taxable brokerage,0.008,2419622.567,4839.245133
2025-Q1,147626,Crystal Rose,56,Joint taxable brokerage,0.01,64641.49683,161.6037421
2025-Q1,553335,Curtis Bauer,35,IRA,0.0085,2076230.486,4411.989783
2025-Q1,553335,Curtis Bauer,36,Taxable brokerage,0.009,67647.03167,152.2058213
2025-Q1,405046,Cynthia Carter,132,401(k),0.0085,537519.3563,1142.228632
2025-Q1,405046,Cynthia Carter,133,Joint taxable brokerage,0.009,687709.9817,1547.347459
2025-Q1,405046,Cynthia Carter,134,Taxable brokerage,0.01,1439508.374,3598.770935
2025-Q1,405046,Cynthia Carter,135,401(k),0.008,751816.386,1503.632772
2025-Q1,676511,Cynthia Williams,117,Taxable Trust,0.0095,1962545.621,4661.045851
2025-Q1,392846,Daniel Escobar,193,Joint taxable brokerage,0.0095,1685852.43,4003.89952
2025-Q1,290616,Danielle Larson,151,Taxable Trust,0.0085,560951.7525,1192.022474
2025-Q1,435008,Daniel Smith,67,IRA,0.008,154021.3348,308.0426697
2025-Q1,435008,Daniel Smith,68,Taxable brokerage,0.0092,553557.6627,1273.182624
2025-Q1,435008,Daniel Smith,69,Joint taxable brokerage,0.0075,129645.4517,243.0852219
2025-Q1,814288,Daniel Ward,171,Taxable brokerage,0.008,1892307.616,3784.615232
2025-Q1,814288,Daniel Ward,172,Taxable brokerage,0.0092,747189.933,1718.536846
2025-Q1,692430,David Fischer,101,IRA,0.0075,586472.7252,1099.63636
2025-Q1,692430,David Fischer,102,Joint taxable brokerage,0.0075,646550.2933,1212.2818
2025-Q1,692430,David Fischer,103,Joint taxable brokerage,0.0075,46021.36897,86.29006681
2025-Q1,726708,Eric Miller,140,Taxable brokerage,0.008,275569.8948,551.1397897
2025-Q1,726708,Eric Miller,141,Taxable Trust,0.0095,747617.71,1775.592061
2025-Q1,464227,Erin Reeves,138,401(k),0.0085,1402522.533,2980.360382
2025-Q1,464227,Erin Reeves,139,IRA,0.0095,198766.6405,472.0707712
2025-Q1,347862,Gabrielle Russell,190,Taxable brokerage,0.0092,21700.5635,49.91129605
2025-Q1,262095,Holly George,142,Taxable Trust,0.0092,629673.8115,1448.249766
2025-Q1,262095,Holly George,143,401(k),0.0075,1944158.66,3645.297487
2025-Q1,262095,Holly George,144,Taxable brokerage,0.0095,1774390.328,4214.177029
2025-Q1,506352,Jack Williams,222,401(k),0.008,1510555.541,3021.111082
2025-Q1,506352,Jack Williams,223,Joint taxable brokerage,0.0095,599253.08,1423.226065
2025-Q1,299356,Jason Brewer,120,Taxable brokerage,0.01,261407.678,653.519195
2025-Q1,299356,Jason Brewer,121,Joint taxable brokerage,0.009,40092.154,90.2073465
2025-Q1,299356,Jason Brewer,122,Taxable Trust,0.0092,651712.0009,1498.937602
2025-Q1,299356,Jason Brewer,123,IRA,0.0092,669371.183,1539.553721
2025-Q1,436054,Jeffrey Miller,129,Taxable Trust,0.0075,2110485.772,3957.160822
2025-Q1,436054,Jeffrey Miller,130,Joint taxable brokerage,0.009,41683.04883,93.78685987
2025-Q1,436054,Jeffrey Miller,131,Joint taxable brokerage,0.008,254413.4462,508.8268924
2025-Q1,741684,Jenna Frye,156,IRA,0.01,1487598.789,3718.996973
2025-Q1,741684,Jenna Frye,157,Joint taxable brokerage,0.0075,33602.81,63.00526875
2025-Q1,843272,Jennifer Perez,158,Taxable brokerage,0.0092,514493.2608,1183.3345
2025-Q1,843272,Jennifer Perez,159,Joint taxable brokerage,0.0095,161898.5575,384.5090741
2025-Q1,877251,Jennifer Steele,58,Joint taxable brokerage,0.009,24466.8485,55.05040913
2025-Q1,877251,Jennifer Steele,59,Taxable brokerage,0.0095,227369.5523,540.0026868
2025-Q1,203011,Jerry Boyd,87,IRA,0.0092,2137386.058,4915.987932
2025-Q1,203011,Jerry Boyd,88,Taxable brokerage,0.0095,2069342.32,4914.68801
2025-Q1,203011,Jerry Boyd,89,401(k),0.0095,514981.933,1223.082091
2025-Q1,551947,John Brooks,73,Taxable brokerage,0.0085,50764.75917,107.8751132
2025-Q1,551947,John Brooks,74,401(k),0.0085,243504.524,517.4471135
2025-Q1,860321,Jonathan Baker,234,IRA,0.0085,36055.8175,76.61861219
2025-Q1,860321,Jonathan Baker,235,Taxable brokerage,0.009,185201.7485,416.7039341
2025-Q1,400658,Joseph Brown,17,IRA,0.0092,750184.7425,1725.424908
2025-Q1,400658,Joseph Brown,18,Joint taxable brokerage,0.0085,139254.4585,295.9157243
2025-Q1,897470,Joseph Ramos,229,Joint taxable brokerage,0.0095,145927.3753,346.5775164
2025-Q1,725211,Joseph Schultz,173,Joint taxable brokerage,0.0092,795326.8764,1829.251816
2025-Q1,218984,Joshua Brown,227,Joint taxable brokerage,0.01,612724.678,1531.811695
2025-Q1,218984,Joshua Brown,228,Taxable brokerage,0.01,2411600.047,6029.000117
2025-Q1,126242,Kelsey Whitaker,167,Taxable brokerage,0.009,274785.5563,618.2675017
2025-Q1,126242,Kelsey Whitaker,168,Taxable Trust,0.0085,201555.552,428.305548
2025-Q1,126242,Kelsey Whitaker,169,Joint taxable brokerage,0.008,478943.5312,957.8870623
2025-Q1,126242,Kelsey Whitaker,170,Taxable Trust,0.0075,605098.411,1134.559521
2025-Q1,136094,Kevin Armstrong,2,IRA,0.01,182273.5103,455.6837758
2025-Q1,755000,Kevin Davis,195,IRA,0.0075,479883.7917,899.7821094
2025-Q1,755000,Kevin Davis,197,Taxable Trust,0.01,2086146.775,5215.366938
2025-Q1,755000,Kevin Davis,198,IRA,0.0075,819334.2312,1536.251683
2025-Q1,694299,Kevin Nelson,13,Taxable brokerage,0.008,165146.409,330.292818
2025-Q1,256049,Kimberly Joseph,224,Taxable Trust,0.0075,692057.1253,1297.60711
2025-Q1,256049,Kimberly Joseph,225,Taxable brokerage,0.0075,189958.1592,356.1715484
2025-Q1,738059,Kristin Ford,44,Taxable brokerage,0.009,257022.5382,578.3007109
2025-Q1,738059,Kristin Ford,46,IRA,0.0085,213261.8288,453.1813863
2025-Q1,120893,Kyle Moran,220,Joint taxable brokerage,0.0095,47069.33438,111.7896691
2025-Q1,788256,Laura Hampton,14,401(k),0.0092,643841.2805,1480.834945
2025-Q1,788256,Laura Hampton,15,Taxable Trust,0.0075,118842.1703,222.8290694
2025-Q1,788256,Laura Hampton,16,Joint taxable brokerage,0.0075,1314777.418,2465.207659
2025-Q1,122027,Lauren Frazier,82,401(k),0.0095,294923.4062,700.4430896
2025-Q1,122027,Lauren Frazier,83,Taxable brokerage,0.0075,628408.1187,1178.265223
2025-Q1,854552,Lisa Harris,1,Joint taxable brokerage,0.0095,1874599.433,4452.173654
2025-Q1,500893,Matthew Barker,166,Taxable Trust,0.0085,1758780.175,3737.407871
2025-Q1,398662,Melinda Nguyen,112,401(k),0.0092,53722.21545,123.5610955
2025-Q1,425130,Michael Pennington,37,Taxable brokerage,0.0095,2095218.976,4976.145067
2025-Q1,425130,Michael Pennington,38,Taxable brokerage,0.01,2257270.176,5643.17544
2025-Q1,857707,Michelle Davis,39,401(k),0.008,2113110.89,4226.22178
2025-Q1,857707,Michelle Davis,41,IRA,0.0092,2223875.014,5114.912532
2025-Q1,420508,Michelle Jackson,200,IRA,0.0075,1905272.021,3572.385039
2025-Q1,434140,Michelle White,53,Taxable brokerage,0.0075,190569.945,357.3186469
2025-Q1,213444,Paige Edwards,47,Taxable Trust,0.009,44557.081,100.2534323
2025-Q1,213444,Paige Edwards,48,401(k),0.0075,555086.8105,1040.78777
2025-Q1,213444,Paige Edwards,49,401(k),0.0075,34074.9975,63.89062031
2025-Q1,516349,Rachel Larson,21,IRA,0.01,149081.5473,372.7038683
2025-Q1,516349,Rachel Larson,22,Taxable Trust,0.0092,167377.3275,384.9678533
2025-Q1,791939,Robert Lewis,164,IRA,0.008,645583.445,1291.16689
2025-Q1,791939,Robert Lewis,165,Taxable Trust,0.0085,2262032.988,4806.820099
2025-Q1,892357,Robert Long,62,Taxable brokerage,0.008,66060.40333,132.1208067
2025-Q1,892357,Robert Long,63,401(k),0.0075,762067.959,1428.877423
2025-Q1,892357,Robert Long,64,Joint taxable brokerage,0.01,766689.3893,1916.723473
2025-Q1,668899,Ronald Gomez,95,Joint taxable brokerage,0.01,226139.7623,565.3494058
2025-Q1,668899,Ronald Gomez,96,401(k),0.01,1945071.304,4862.67826
2025-Q1,668899,Ronald Gomez,98,IRA,0.009,62469.4913,140.5563554
2025-Q1,297470,Russell Gay,19,IRA,0.0075,702000.0813,1316.250152
2025-Q1,698603,Ryan Porter,90,401(k),0.0095,65683.10817,155.9973819
2025-Q1,698603,Ryan Porter,91,Joint taxable brokerage,0.01,467656.4069,1169.141017
2025-Q1,468506,Sandra Bender,183,401(k),0.008,65024.38267,130.0487653
2025-Q1,468506,Sandra Bender,184,Taxable Trust,0.0075,75499.70783,141.5619522
2025-Q1,766469,Scott Hart,238,Taxable Trust,0.0085,40172.3595,85.36626394
2025-Q1,782285,Sean Hoffman,152,Taxable Trust,0.009,47763.285,107.4673913
2025-Q1,782285,Sean Hoffman,154,Taxable brokerage,0.0075,43484.20129,81.53287742
2025-Q1,104250,Sean Robles,185,Taxable Trust,0.01,1670425.195,4176.062986
2025-Q1,465141,Seth Bryant,10,Taxable Trust,0.01,1622378.639,4055.946598
2025-Q1,465141,Seth Bryant,11,IRA,0.0075,38427.79233,72.05211062
2025-Q1,460322,Sharon Cline,26,Taxable brokerage,0.0075,469106.0785,879.5738972
2025-Q1,460322,Sharon Cline,28,Joint taxable brokerage,0.01,1856284.522,4640.711306
2025-Q1,874194,Sharon Tran,180,Taxable Trust,0.0095,422139.5431,1002.581415
2025-Q1,874194,Sharon Tran,182,Taxable brokerage,0.0075,1697669.651,3183.130595
2025-Q1,174151,Shawn Hines,124,Taxable brokerage,0.0085,618710.0108,1314.758773
2025-Q1,174151,Shawn Hines,125,Joint taxable brokerage,0.009,39908.61444,89.7943825
2025-Q1,501236,Stacy Jones,214,Taxable brokerage,0.0092,2174182.519,5000.619794
2025-Q1,296377,Stacy Trujillo,66,IRA,0.0085,1941574.558,4125.845935
2025-Q1,147043,Stephanie Baker,218,Joint taxable brokerage,0.0085,31802.10167,67.57946604
2025-Q1,147043,Stephanie Baker,219,Taxable brokerage,0.009,1880095.697,4230.215319
2025-Q1,721848,Stephanie Reid,42,IRA,0.0092,206352.0928,474.6098135
2025-Q1,721848,Stephanie Reid,43,Taxable Trust,0.0075,723930.7755,1357.370204
2025-Q1,248573,Stuart Roberts,105,401(k),0.008,416426.4523,832.8529047
2025-Q1,248573,Stuart Roberts,106,Joint taxable brokerage,0.0092,36751.00567,84.52731303
2025-Q1,248573,Stuart Roberts,107,Taxable Trust,0.0095,640281.1537,1520.66774
2025-Q1,248573,Stuart Roberts,108,Joint taxable brokerage,0.0095,1726536.046,4100.52311
2025-Q1,332944,Thomas Klein,126,Taxable brokerage,0.01,117499.4137,293.7485342
2025-Q1,332944,Thomas Klein,127,Taxable Trust,0.0085,530215.9068,1126.708802
2025-Q1,332944,Thomas Klein,128,Taxable brokerage,0.01,515755.3475,1289.388369
2025-Q1,670310,Thomas Mendoza,84,IRA,0.0095,170106.7413,404.0035107
2025-Q1,670310,Thomas Mendoza,86,Taxable brokerage,0.009,48527.3105,109.1864486
2025-Q1,544571,Tiffany Washington,109,Taxable brokerage,0.008,740962.9397,1481.925879
2025-Q1,544571,Tiffany Washington,110,401(k),0.0092,127871.7347,294.1049897
2025-Q1,544571,Tiffany Washington,111,Taxable Trust,0.0092,490462.8247,1128.064497
2025-Q1,425652,Timothy Gates,65,Taxable Trust,0.009,22763.881,51.21873225
2025-Q1,201606,Wayne Blackburn,3,Taxable brokerage,0.0085,54554.41483,115.9281315
2025-Q1,201606,Wayne Blackburn,4,401(k),0.0092,37370.10767,85.95124763
2025-Q1,667681,William Bennett,114,IRA,0.0095,282057.7023,669.887043
2025-Q1,667681,William Bennett,116,Taxable brokerage,0.01,292637.6308,731.5940771
2024-Q4,531361,Aaron Grant,230,401(k),0.009,626328.7316,1409.239646
2024-Q4,531361,Aaron Grant,232,401(k),0.01,59122.30577,147.8057644
2024-Q4,385729,Allison Sanchez,29,Taxable brokerage,0.0092,151062.3927,347.4435032
2024-Q4,406670,Amy Kennedy,215,Taxable Trust,0.0095,237169.8628,563.2784242
2024-Q4,406670,Amy Kennedy,216,401(k),0.0075,118579.0003,222.3356256
2024-Q4,191023,Amy Thomas,70,Taxable brokerage,0.01,51648.79688,129.1219922
2024-Q4,191023,Amy Thomas,71,401(k),0.0095,69610.56906,165.3251015
2024-Q4,475493,Andrew Mckay,202,Taxable Trust,0.0075,82320.59063,154.3511074
2024-Q4,475493,Andrew Mckay,203,Taxable Trust,0.0085,55170.49328,117.2372982
2024-Q4,475493,Andrew Mckay,205,Taxable brokerage,0.0075,797439.8975,1495.199808
2024-Q4,614807,Anna Stone,206,Taxable brokerage,0.01,138730.713,346.8267824
2024-Q4,614807,Anna Stone,207,401(k),0.0095,2308688.677,5483.135607
2024-Q4,614807,Anna Stone,208,Taxable Trust,0.008,182463.2559,364.9265119
2024-Q4,614807,Anna Stone,209,Taxable brokerage,0.009,676084.1955,1521.18944
2024-Q4,677015,Annette George,160,401(k),0.0075,59807.55047,112.1391571
2024-Q4,677015,Annette George,161,Joint taxable brokerage,0.01,737795.6842,1844.489211
2024-Q4,677015,Annette George,162,Taxable Trust,0.0085,150324.535,319.4396369
2024-Q4,677015,Annette George,163,401(k),0.0092,1880412.206,4324.948075
2024-Q4,439398,Anthony Allen,32,Taxable Trust,0.01,62225.31406,155.5632852
2024-Q4,439398,Anthony Allen,33,Joint taxable brokerage,0.008,399026.0122,798.0520244
2024-Q4,551045,Anthony Smith,5,Taxable Trust,0.008,648122.077,1296.244154
2024-Q4,177781,Ashley Rodriguez,147,Taxable brokerage,0.0095,2512428.719,5967.018208
2024-Q4,304881,Brad Kelley,236,401(k),0.0075,445115.7344,834.592002
2024-Q4,304881,Brad Kelley,237,IRA,0.009,73337.1848,165.0086658
2024-Q4,578477,Brian Lee,136,Joint taxable brokerage,0.0092,545399.8395,1254.419631
2024-Q4,578477,Brian Lee,137,Taxable Trust,0.01,40453.46281,101.133657
2024-Q4,380587,Brianna Becker,119,IRA,0.0092,225043.2259,517.5994197
2024-Q4,316315,Brittany Paul,145,401(k),0.0075,261539.2244,490.3860457
2024-Q4,582188,Brittney Ramirez,79,Taxable brokerage,0.0085,562657.8739,1195.647982
2024-Q4,582188,Brittney Ramirez,80,401(k),0.009,66747.16333,150.1811175
2024-Q4,582188,Brittney Ramirez,81,Taxable Trust,0.0085,535737.638,1138.442481
2024-Q4,617803,Bryan Sherman,186,IRA,0.0075,1907365.192,3576.309736
2024-Q4,617803,Bryan Sherman,188,IRA,0.01,475429.9795,1188.574949
2024-Q4,617803,Bryan Sherman,189,Taxable brokerage,0.0092,132834.1814,305.5186172
2024-Q4,820768,Cameron Short,199,Taxable Trust,0.009,49948.71719,112.3846137
2024-Q4,612787,Charles Sanders,210,Taxable Trust,0.0075,602765.9213,1130.186102
2024-Q4,612787,Charles Sanders,211,Taxable brokerage,0.0095,215826.6408,512.5882719
2024-Q4,612787,Charles Sanders,213,Taxable brokerage,0.01,103740.8759,259.3521898
2024-Q4,766569,Charles Wells,148,Taxable brokerage,0.0085,32196.0964,68.41670485
2024-Q4,766569,Charles Wells,149,Taxable Trust,0.0092,1173963.256,2700.115489
2024-Q4,414446,Chelsea Smith,191,Joint taxable brokerage,0.0095,467394.1525,1110.061112
2024-Q4,395956,Christopher Johnson,99,Taxable Trust,0.0085,632345.6148,1343.734432
2024-Q4,789362,Clinton Parker,7,Taxable Trust,0.0092,64604.67281,148.5907475
2024-Q4,789362,Clinton Parker,8,IRA,0.009,159556.6216,359.0023985
2024-Q4,147626,Crystal Rose,56,Joint taxable brokerage,0.01,65132.97484,162.8324371
2024-Q4,553335,Curtis Bauer,35,IRA,0.0085,2090499.584,4442.311616
2024-Q4,405046,Cynthia Carter,132,401(k),0.0085,536991.6822,1141.107325
2024-Q4,405046,Cynthia Carter,133,Joint taxable brokerage,0.009,691946.0242,1556.878554
2024-Q4,405046,Cynthia Carter,134,Taxable brokerage,0.01,1454855.951,3637.139877
2024-Q4,405046,Cynthia Carter,135,401(k),0.008,751048.4225,1502.096845
2024-Q4,392846,Daniel Escobar,193,Joint taxable brokerage,0.0095,1731390.84,4112.053244
2024-Q4,290616,Danielle Larson,151,Taxable Trust,0.0085,566107.5341,1202.97851
2024-Q4,435008,Daniel Smith,67,IRA,0.008,162254.9975,324.509995
2024-Q4,814288,Daniel Ward,171,Taxable brokerage,0.008,1888410.295,3776.820591
2024-Q4,814288,Daniel Ward,172,Taxable brokerage,0.0092,759983.3814,1747.961777
2024-Q4,692430,David Fischer,101,IRA,0.0075,590424.7203,1107.046351
2024-Q4,692430,David Fischer,102,Joint taxable brokerage,0.0075,647547.5977,1214.151746
2024-Q4,726708,Eric Miller,140,Taxable brokerage,0.008,278603.7031,557.2074063
2024-Q4,464227,Erin Reeves,138,401(k),0.0085,1420962.341,3019.544974
2024-Q4,464227,Erin Reeves,139,IRA,0.0095,194580.8225,462.1294534
2024-Q4,347862,Gabrielle Russell,190,Taxable brokerage,0.0092,23050.83828,53.01692805
2024-Q4,262095,Holly George,142,Taxable Trust,0.0092,635657.0198,1462.011146
2024-Q4,262095,Holly George,143,401(k),0.0075,1969080.184,3692.025345
2024-Q4,262095,Holly George,144,Taxable brokerage,0.0095,1811568.269,4302.47464
2024-Q4,299356,Jason Brewer,120,Taxable brokerage,0.01,262493.9088,656.2347719
2024-Q4,299356,Jason Brewer,121,Joint taxable brokerage,0.009,41414.30203,93.18217957
2024-Q4,299356,Jason Brewer,123,IRA,0.0092,725895.43,1669.559489
2024-Q4,436054,Jeffrey Miller,129,Taxable Trust,0.0075,2109812.51,3955.898457
2024-Q4,436054,Jeffrey Miller,130,Joint taxable brokerage,0.009,42605.44328,95.86224738
2024-Q4,741684,Jenna Frye,156,IRA,0.01,1516018.955,3790.047388
2024-Q4,741684,Jenna Frye,157,Joint taxable brokerage,0.0075,32904.62313,61.69616836
2024-Q4,843272,Jennifer Perez,158,Taxable brokerage,0.0092,517662.7408,1190.624304
2024-Q4,843272,Jennifer Perez,159,Joint taxable brokerage,0.0095,164070.2167,389.6667647
2024-Q4,877251,Jennifer Steele,58,Joint taxable brokerage,0.009,25500.34313,57.37577203
2024-Q4,877251,Jennifer Steele,59,Taxable brokerage,0.0095,239889.8563,569.7384086
2024-Q4,203011,Jerry Boyd,87,IRA,0.0092,2116267.205,4867.414571
2024-Q4,203011,Jerry Boyd,88,Taxable brokerage,0.0095,2235919.86,5310.309669
2024-Q4,203011,Jerry Boyd,89,401(k),0.0095,533586.5014,1267.267941
2024-Q4,551947,John Brooks,73,Taxable brokerage,0.0085,54038.2425,114.8312653
2024-Q4,860321,Jonathan Baker,234,IRA,0.0085,35265.40266,74.93898064
2024-Q4,860321,Jonathan Baker,235,Taxable brokerage,0.009,186591.997,419.8319933
2024-Q4,400658,Joseph Brown,17,IRA,0.0092,757054.3423,1741.224987
2024-Q4,400658,Joseph Brown,18,Joint taxable brokerage,0.0085,141198.9613,300.0477927
2024-Q4,897470,Joseph Ramos,229,Joint taxable brokerage,0.0095,150155.27,356.6187663
2024-Q4,218984,Joshua Brown,227,Joint taxable brokerage,0.01,612187.1398,1530.46785
2024-Q4,218984,Joshua Brown,228,Taxable brokerage,0.01,2382696.216,5956.74054
2024-Q4,126242,Kelsey Whitaker,167,Taxable brokerage,0.009,275213.7244,619.2308798
2024-Q4,126242,Kelsey Whitaker,168,Taxable Trust,0.0085,204617.7607,434.8127415
2024-Q4,126242,Kelsey Whitaker,169,Joint taxable brokerage,0.008,496069.1305,992.1382609
2024-Q4,126242,Kelsey Whitaker,170,Taxable Trust,0.0075,602734.8681,1130.127878
2024-Q4,136094,Kevin Armstrong,2,IRA,0.01,186040.1116,465.1002789
2024-Q4,755000,Kevin Davis,195,IRA,0.0075,497815.3813,933.4038398
2024-Q4,755000,Kevin Davis,197,Taxable Trust,0.01,2174792.526,5436.981316
2024-Q4,755000,Kevin Davis,198,IRA,0.0075,801557.1719,1502.919697
2024-Q4,694299,Kevin Nelson,13,Taxable brokerage,0.008,165098.1219,330.1962438
2024-Q4,256049,Kimberly Joseph,224,Taxable Trust,0.0075,703472.2947,1319.010553
2024-Q4,256049,Kimberly Joseph,225,Taxable brokerage,0.0075,193931.2465,363.6210872
2024-Q4,738059,Kristin Ford,44,Taxable brokerage,0.009,257748.0358,579.9330805
2024-Q4,738059,Kristin Ford,46,IRA,0.0085,225808.7156,479.8435206
2024-Q4,788256,Laura Hampton,14,401(k),0.0092,642832.8559,1478.515569
2024-Q4,788256,Laura Hampton,15,Taxable Trust,0.0075,116899.7336,219.1870005
2024-Q4,788256,Laura Hampton,16,Joint taxable brokerage,0.0075,1332289.173,2498.0422
2024-Q4,122027,Lauren Frazier,82,401(k),0.0095,300569.912,713.853541
2024-Q4,122027,Lauren Frazier,83,Taxable brokerage,0.0075,645208.955,1209.766791
2024-Q4,854552,Lisa Harris,1,Joint taxable brokerage,0.0095,1999839.086,4749.617828
2024-Q4,500893,Matthew Barker,166,Taxable Trust,0.0085,1797516.402,3819.722354
2024-Q4,425130,Michael Pennington,37,Taxable brokerage,0.0095,2131747.153,5062.899488
2024-Q4,425130,Michael Pennington,38,Taxable brokerage,0.01,2280351.98,5700.879951
2024-Q4,857707,Michelle Davis,39,401(k),0.008,2120564.495,4241.128989
2024-Q4,420508,Michelle Jackson,200,IRA,0.0075,1875456.976,3516.48183
2024-Q4,213444,Paige Edwards,47,Taxable Trust,0.009,44284.92578,99.64108301
2024-Q4,213444,Paige Edwards,48,401(k),0.0075,547421.8741,1026.416014
2024-Q4,516349,Rachel Larson,21,IRA,0.01,148828.5659,372.0714148
2024-Q4,516349,Rachel Larson,22,Taxable Trust,0.0092,165519.0866,380.6938991
2024-Q4,791939,Robert Lewis,164,IRA,0.008,657127.2363,1314.254473
2024-Q4,791939,Robert Lewis,165,Taxable Trust,0.0085,2242464.685,4765.237457
2024-Q4,892357,Robert Long,62,Taxable brokerage,0.008,65317.43625,130.6348725
2024-Q4,892357,Robert Long,63,401(k),0.0075,761363.8373,1427.557195
2024-Q4,892357,Robert Long,64,Joint taxable brokerage,0.01,815932.7524,2039.831881
2024-Q4,668899,Ronald Gomez,95,Joint taxable brokerage,0.01,236163.1524,590.407881
2024-Q4,668899,Ronald Gomez,96,401(k),0.01,2116172.968,5290.432419
2024-Q4,297470,Russell Gay,19,IRA,0.0075,756426.4994,1418.299686
2024-Q4,698603,Ryan Porter,90,401(k),0.0095,66251.33375,157.3469177
2024-Q4,468506,Sandra Bender,183,401(k),0.008,67217.91563,134.4358313
2024-Q4,468506,Sandra Bender,184,Taxable Trust,0.0075,74640.275,139.9505156
2024-Q4,766469,Scott Hart,238,Taxable Trust,0.0085,39859.29859,84.70100951
2024-Q4,782285,Sean Hoffman,152,Taxable Trust,0.009,49361.5375,111.0634594
2024-Q4,104250,Sean Robles,185,Taxable Trust,0.01,1746645.944,4366.614859
2024-Q4,465141,Seth Bryant,10,Taxable Trust,0.01,1605598.702,4013.996755
2024-Q4,465141,Seth Bryant,11,IRA,0.0075,37499.27828,70.31114678
2024-Q4,174151,Shawn Hines,124,Taxable brokerage,0.0085,609756.6461,1295.732873
2024-Q4,501236,Stacy Jones,214,Taxable brokerage,0.0092,2168054.458,4986.525254
2024-Q4,296377,Stacy Trujillo,66,IRA,0.0085,1927325.212,4095.566075
2024-Q4,147043,Stephanie Baker,218,Joint taxable brokerage,0.0085,33157.06859,70.45877076
2024-Q4,147043,Stephanie Baker,219,Taxable brokerage,0.009,1917582.389,4314.560375
2024-Q4,721848,Stephanie Reid,42,IRA,0.0092,206644.4673,475.2822749
2024-Q4,721848,Stephanie Reid,43,Taxable Trust,0.0075,732860.2816,1374.113028
2024-Q4,248573,Stuart Roberts,105,401(k),0.008,445906.4944,891.8129888
2024-Q4,248573,Stuart Roberts,106,Joint taxable brokerage,0.0092,37636.7025,86.56441575
2024-Q4,248573,Stuart Roberts,107,Taxable Trust,0.0095,677621.0147,1609.34991
2024-Q4,248573,Stuart Roberts,108,Joint taxable brokerage,0.0095,1777710.41,4222.062224
2024-Q4,332944,Thomas Klein,126,Taxable brokerage,0.01,121166.6041,302.9165102
2024-Q4,332944,Thomas Klein,127,Taxable Trust,0.0085,520214.5286,1105.455873
2024-Q4,332944,Thomas Klein,128,Taxable brokerage,0.01,516320.3638,1290.800909
2024-Q4,670310,Thomas Mendoza,84,IRA,0.0095,172580.2045,409.8779858
2024-Q4,670310,Thomas Mendoza,86,Taxable brokerage,0.009,47853.2295,107.6697664
2024-Q4,544571,Tiffany Washington,109,Taxable brokerage,0.008,747297.6017,1494.595203
2024-Q4,544571,Tiffany Washington,110,401(k),0.0092,128109.5604,294.651989
2024-Q4,544571,Tiffany Washington,111,Taxable Trust,0.0092,510229.7788,1173.528491
2024-Q4,425652,Timothy Gates,65,Taxable Trust,0.009,23164.89391,52.12101129
2024-Q4,201606,Wayne Blackburn,3,Taxable brokerage,0.0085,54772.53333,116.3916333
2024-Q4,667681,William Bennett,114,IRA,0.0095,281460.8294,668.4694698
2024-Q3,406670,Amy Kennedy,215,Taxable Trust,0.0095,228746.0791,543.2719378
2024-Q3,406670,Amy Kennedy,216,401(k),0.0075,109090.9651,204.5455596
2024-Q3,191023,Amy Thomas,70,Taxable brokerage,0.01,47369.1125,118.4227813
2024-Q3,191023,Amy Thomas,71,401(k),0.0095,64231.80891,152.5505462
2024-Q3,475493,Andrew Mckay,202,Taxable Trust,0.0075,77725.45688,145.7352316
2024-Q3,475493,Andrew Mckay,203,Taxable Trust,0.0085,48719.01234,103.5279012
2024-Q3,614807,Anna Stone,206,Taxable brokerage,0.01,128557.1006,321.3927516
2024-Q3,614807,Anna Stone,207,401(k),0.0095,2139463.395,5081.225564
2024-Q3,614807,Anna Stone,208,Taxable Trust,0.008,181066.0353,362.1320706
2024-Q3,614807,Anna Stone,209,Taxable brokerage,0.009,597972.1829,1345.437412
2024-Q3,677015,Annette George,160,401(k),0.0075,52342.51875,98.14222266
2024-Q3,677015,Annette George,161,Joint taxable brokerage,0.01,662684.187,1656.710468
2024-Q3,677015,Annette George,163,401(k),0.0092,1878550.358,4320.665824
2024-Q3,439398,Anthony Allen,32,Taxable Trust,0.01,62646.59734,156.6164934
2024-Q3,439398,Anthony Allen,33,Joint taxable brokerage,0.008,348239.6414,696.4792828
2024-Q3,551045,Anthony Smith,5,Taxable Trust,0.008,609338.7366,1218.677473
2024-Q3,177781,Ashley Rodriguez,147,Taxable brokerage,0.0095,2353637.064,5589.888028
2024-Q3,304881,Brad Kelley,236,401(k),0.0075,426017.6472,798.7830885
2024-Q3,578477,Brian Lee,136,Joint taxable brokerage,0.0092,508315.3828,1169.12538
2024-Q3,578477,Brian Lee,137,Taxable Trust,0.01,38372.09746,95.93024364
2024-Q3,380587,Brianna Becker,119,IRA,0.0092,213752.655,491.6311065
2024-Q3,316315,Brittany Paul,145,401(k),0.0075,243072.9036,455.7616942
2024-Q3,582188,Brittney Ramirez,79,Taxable brokerage,0.0085,541542.9902,1150.778854
2024-Q3,582188,Brittney Ramirez,81,Taxable Trust,0.0085,540133.8655,1147.784464
2024-Q3,617803,Bryan Sherman,186,IRA,0.0075,1825573.91,3422.951081
2024-Q3,617803,Bryan Sherman,188,IRA,0.01,451309.1334,1128.272834
2024-Q3,617803,Bryan Sherman,189,Taxable brokerage,0.0092,117503.9905,270.2591781
2024-Q3,820768,Cameron Short,199,Taxable Trust,0.009,46389.61422,104.376632
2024-Q3,612787,Charles Sanders,210,Taxable Trust,0.0075,603861.6756,1132.240642
2024-Q3,612787,Charles Sanders,211,Taxable brokerage,0.0095,199866.6533,474.6833015
2024-Q3,612787,Charles Sanders,213,Taxable brokerage,0.01,101010.21,252.525525
2024-Q3,414446,Chelsea Smith,191,Joint taxable brokerage,0.0095,413879.409,982.9635963
2024-Q3,395956,Christopher Johnson,99,Taxable Trust,0.0085,634629.1488,1348.586941
2024-Q3,789362,Clinton Parker,7,Taxable Trust,0.0092,58213.70359,133.8915183
2024-Q3,789362,Clinton Parker,8,IRA,0.009,149039.3998,335.3386496
2024-Q3,147626,Crystal Rose,56,Joint taxable brokerage,0.01,64586.17953,161.4654488
2024-Q3,553335,Curtis Bauer,35,IRA,0.0085,2010672.763,4272.679621
2024-Q3,405046,Cynthia Carter,132,401(k),0.0085,523465.943,1112.365129
2024-Q3,405046,Cynthia Carter,133,Joint taxable brokerage,0.009,626875.3169,1410.469463
2024-Q3,405046,Cynthia Carter,134,Taxable brokerage,0.01,1372587.405,3431.468512
2024-Q3,405046,Cynthia Carter,135,401(k),0.008,669518.6217,1339.037243
2024-Q3,392846,Daniel Escobar,193,Joint taxable brokerage,0.0095,1572508.845,3734.708507
2024-Q3,290616,Danielle Larson,151,Taxable Trust,0.0085,537694.7086,1142.601256
2024-Q3,814288,Daniel Ward,171,Taxable brokerage,0.008,1837658.362,3675.316723
2024-Q3,814288,Daniel Ward,172,Taxable brokerage,0.0092,727855.2403,1674.067053
2024-Q3,692430,David Fischer,101,IRA,0.0075,547894.3964,1027.301993
2024-Q3,692430,David Fischer,102,Joint taxable brokerage,0.0075,606764.5314,1137.683496
2024-Q3,726708,Eric Miller,140,Taxable brokerage,0.008,263225.792,526.451584
2024-Q3,464227,Erin Reeves,138,401(k),0.0085,1360668.145,2891.419807
2024-Q3,464227,Erin Reeves,139,IRA,0.0095,174095.0963,413.4758538
2024-Q3,347862,Gabrielle Russell,190,Taxable brokerage,0.0092,20359.44422,46.8267217
2024-Q3,262095,Holly George,142,Taxable Trust,0.0092,588150.6138,1352.746412
2024-Q3,262095,Holly George,144,Taxable brokerage,0.0095,1692478.296,4019.635952
2024-Q3,299356,Jason Brewer,120,Taxable brokerage,0.01,245547.346,613.8683651
2024-Q3,299356,Jason Brewer,121,Joint taxable brokerage,0.009,37792.05433,85.03212225
2024-Q3,436054,Jeffrey Miller,129,Taxable Trust,0.0075,1992446.953,3735.838036
2024-Q3,436054,Jeffrey Miller,130,Joint taxable brokerage,0.009,41331.12833,92.99503875
2024-Q3,741684,Jenna Frye,156,IRA,0.01,1462212.142,3655.530356
2024-Q3,741684,Jenna Frye,157,Joint taxable brokerage,0.0075,29665.39672,55.62261885
2024-Q3,843272,Jennifer Perez,158,Taxable brokerage,0.0092,490132.7956,1127.30543
2024-Q3,843272,Jennifer Perez,159,Joint taxable brokerage,0.0095,155542.9249,369.4144467
2024-Q3,877251,Jennifer Steele,58,Joint taxable brokerage,0.009,23780.38141,53.50585816
2024-Q3,877251,Jennifer Steele,59,Taxable brokerage,0.0095,223553.1414,530.9387108
2024-Q3,203011,Jerry Boyd,87,IRA,0.0092,2159874.087,4967.7104
2024-Q3,203011,Jerry Boyd,89,401(k),0.0095,522141.193,1240.085333
2024-Q3,551947,John Brooks,73,Taxable brokerage,0.0085,47721.01969,101.4071668
2024-Q3,860321,Jonathan Baker,234,IRA,0.0085,35396.73281,75.21805723
2024-Q3,860321,Jonathan Baker,235,Taxable brokerage,0.009,178088.8993,400.7000235
2024-Q3,400658,Joseph Brown,17,IRA,0.0092,715271.0836,1645.123492
2024-Q3,400658,Joseph Brown,18,Joint taxable brokerage,0.0085,126249.7409,268.2806995
2024-Q3,897470,Joseph Ramos,229,Joint taxable brokerage,0.0095,139872.2838,332.1966739
2024-Q3,218984,Joshua Brown,227,Joint taxable brokerage,0.01,572515.9184,1431.289796
2024-Q3,218984,Joshua Brown,228,Taxable brokerage,0.01,2382697.881,5956.744703
2024-Q3,126242,Kelsey Whitaker,167,Taxable brokerage,0.009,256736.9188,577.6580672
2024-Q3,126242,Kelsey Whitaker,169,Joint taxable brokerage,0.008,446515.3023,893.0306047
2024-Q3,126242,Kelsey Whitaker,170,Taxable Trust,0.0075,560173.5783,1050.325459
2024-Q3,136094,Kevin Armstrong,2,IRA,0.01,173689.9767,434.2249418
2024-Q3,755000,Kevin Davis,195,IRA,0.0075,452600.4666,848.6258748
2024-Q3,755000,Kevin Davis,197,Taxable Trust,0.01,1925713.344,4814.283361
2024-Q3,755000,Kevin Davis,198,IRA,0.0075,721313.8681,1352.463503
2024-Q3,694299,Kevin Nelson,13,Taxable brokerage,0.008,157738.5994,315.4771988
2024-Q3,256049,Kimberly Joseph,224,Taxable Trust,0.0075,666026.7309,1248.80012
2024-Q3,738059,Kristin Ford,44,Taxable brokerage,0.009,249523.6717,561.4282613
2024-Q3,788256,Laura Hampton,14,401(k),0.0092,596421.4725,1371.769387
2024-Q3,788256,Laura Hampton,15,Taxable Trust,0.0075,117477.3159,220.2699674
2024-Q3,788256,Laura Hampton,16,Joint taxable brokerage,0.0075,1268771.5,2378.946563
2024-Q3,854552,Lisa Harris,1,Joint taxable brokerage,0.0095,1770514.462,4204.971847
2024-Q3,500893,Matthew Barker,166,Taxable Trust,0.0085,1701032.631,3614.694341
2024-Q3,425130,Michael Pennington,37,Taxable brokerage,0.0095,2050327.106,4869.526877
2024-Q3,425130,Michael Pennington,38,Taxable brokerage,0.01,2169839.066,5424.597664
2024-Q3,857707,Michelle Davis,39,401(k),0.008,1905105.62,3810.21124
2024-Q3,213444,Paige Edwards,47,Taxable Trust,0.009,40966.96781,92.17567758
2024-Q3,213444,Paige Edwards,48,401(k),0.0075,532628.1573,998.6777949
2024-Q3,516349,Rachel Larson,21,IRA,0.01,143912.2514,359.7806285
2024-Q3,516349,Rachel Larson,22,Taxable Trust,0.0092,151467.4523,348.3751404
2024-Q3,791939,Robert Lewis,164,IRA,0.008,640270.9842,1280.541968
2024-Q3,791939,Robert Lewis,165,Taxable Trust,0.0085,2249043.941,4779.218374
2024-Q3,892357,Robert Long,62,Taxable brokerage,0.008,59812.12172,119.6242434
2024-Q3,892357,Robert Long,63,401(k),0.0075,711947.8369,1334.902194
2024-Q3,698603,Ryan Porter,90,401(k),0.0095,63791.504,151.504822
2024-Q3,468506,Sandra Bender,183,401(k),0.008,60948.4276,121.8968552
2024-Q3,766469,Scott Hart,238,Taxable Trust,0.0085,34128.888,72.523887
2024-Q3,104250,Sean Robles,185,Taxable Trust,0.01,1714939.634,4287.349086
2024-Q3,465141,Seth Bryant,10,Taxable Trust,0.01,1472696.362,3681.740905
2024-Q3,465141,Seth Bryant,11,IRA,0.0075,33082.75935,62.03017379
2024-Q3,174151,Shawn Hines,124,Taxable brokerage,0.0085,621694.5744,1321.100971
2024-Q3,501236,Stacy Jones,214,Taxable brokerage,0.0092,2004874.371,4611.211053
2024-Q3,147043,Stephanie Baker,218,Joint taxable brokerage,0.0085,32593.69219,69.2615959
2024-Q3,147043,Stephanie Baker,219,Taxable brokerage,0.009,1778344.303,4001.274681
2024-Q3,721848,Stephanie Reid,42,IRA,0.0092,199227.2352,458.2226409
2024-Q3,248573,Stuart Roberts,105,401(k),0.008,393466.7458,786.9334916
2024-Q3,248573,Stuart Roberts,106,Joint taxable brokerage,0.0092,33426.78266,76.88160011
2024-Q3,248573,Stuart Roberts,107,Taxable Trust,0.0095,596634.6256,1417.007236
2024-Q3,332944,Thomas Klein,126,Taxable brokerage,0.01,119445.0297,298.6125742
2024-Q3,332944,Thomas Klein,127,Taxable Trust,0.0085,501434.802,1065.548954
2024-Q3,332944,Thomas Klein,128,Taxable brokerage,0.01,483823.4075,1209.558519
2024-Q3,670310,Thomas Mendoza,84,IRA,0.0095,170179.5,404.1763125
2024-Q3,544571,Tiffany Washington,109,Taxable brokerage,0.008,699987.573,1399.975146
2024-Q3,544571,Tiffany Washington,111,Taxable Trust,0.0092,501598.0453,1153.675504
2024-Q3,425652,Timothy Gates,65,Taxable Trust,0.009,21494.629,48.36291525
2024-Q3,667681,William Bennett,114,IRA,0.0095,272191.4241,646.4546321
2024-Q2,406670,Amy Kennedy,215,Taxable Trust,0.0095,240646.675,571.5358531
2024-Q2,191023,Amy Thomas,70,Taxable brokerage,0.01,43775.76921,109.439423
2024-Q2,191023,Amy Thomas,71,401(k),0.0095,56284.2554,133.6751066
2024-Q2,475493,Andrew Mckay,202,Taxable Trust,0.0075,66967.5073,125.5640762
2024-Q2,475493,Andrew Mckay,203,Taxable Trust,0.0085,43204.40397,91.80935843
2024-Q2,614807,Anna Stone,206,Taxable brokerage,0.01,120207.1381,300.5178452
2024-Q2,614807,Anna Stone,207,401(k),0.0095,1889767.18,4488.197053
2024-Q2,614807,Anna Stone,208,Taxable Trust,0.008,191064.9356,382.1298711
2024-Q2,677015,Annette George,160,401(k),0.0075,45830.29603,85.93180506
2024-Q2,677015,Annette George,161,Joint taxable brokerage,0.01,565558.1198,1413.8953
2024-Q2,677015,Annette George,163,401(k),0.0092,1878058.947,4319.535578
2024-Q2,439398,Anthony Allen,32,Taxable Trust,0.01,62439.79444,156.0994861
2024-Q2,439398,Anthony Allen,33,Joint taxable brokerage,0.008,311007.5377,622.0150754
2024-Q2,551045,Anthony Smith,5,Taxable Trust,0.008,542005.914,1084.011828
2024-Q2,177781,Ashley Rodriguez,147,Taxable brokerage,0.0095,2255041.225,5355.72291
2024-Q2,304881,Brad Kelley,236,401(k),0.0075,405122.7295,759.6051179
2024-Q2,578477,Brian Lee,136,Joint taxable brokerage,0.0092,470604.5241,1082.390405
2024-Q2,380587,Brianna Becker,119,IRA,0.0092,204244.9951,469.7634887
2024-Q2,316315,Brittany Paul,145,401(k),0.0075,226931.6432,425.496831
2024-Q2,582188,Brittney Ramirez,79,Taxable brokerage,0.0085,528897.4427,1123.907066
2024-Q2,582188,Brittney Ramirez,81,Taxable Trust,0.0085,547364.2603,1163.149053
2024-Q2,617803,Bryan Sherman,186,IRA,0.0075,1742401.753,3267.003286
2024-Q2,617803,Bryan Sherman,189,Taxable brokerage,0.0092,111932.6079,257.4449981
2024-Q2,820768,Cameron Short,199,Taxable Trust,0.009,42478.66569,95.5769978
2024-Q2,612787,Charles Sanders,210,Taxable Trust,0.0075,605014.276,1134.401768
2024-Q2,612787,Charles Sanders,211,Taxable brokerage,0.0095,202122.1748,480.0401653
2024-Q2,395956,Christopher Johnson,99,Taxable Trust,0.0085,634354.4305,1348.003165
2024-Q2,789362,Clinton Parker,7,Taxable Trust,0.0092,51576.34413,118.6255915
2024-Q2,789362,Clinton Parker,8,IRA,0.009,138396.9656,311.3931725
2024-Q2,147626,Crystal Rose,56,Joint taxable brokerage,0.01,61523.14296,153.8078574
2024-Q2,553335,Curtis Bauer,35,IRA,0.0085,1773270.027,3768.198808
2024-Q2,405046,Cynthia Carter,132,401(k),0.0085,516355.5663,1097.255578
2024-Q2,405046,Cynthia Carter,133,Joint taxable brokerage,0.009,568691.2611,1279.555337
2024-Q2,405046,Cynthia Carter,134,Taxable brokerage,0.01,1240868.242,3102.170605
2024-Q2,392846,Daniel Escobar,193,Joint taxable brokerage,0.0095,1441015.886,3422.41273
2024-Q2,290616,Danielle Larson,151,Taxable Trust,0.0085,503379.5683,1069.681583
2024-Q2,814288,Daniel Ward,171,Taxable brokerage,0.008,1718353.08,3436.70616
2024-Q2,814288,Daniel Ward,172,Taxable brokerage,0.0092,681950.8338,1568.486918
2024-Q2,692430,David Fischer,101,IRA,0.0075,512601.021,961.1269143
2024-Q2,692430,David Fischer,102,Joint taxable brokerage,0.0075,561658.349,1053.109404
2024-Q2,464227,Erin Reeves,138,401(k),0.0085,1285455.261,2731.59243
2024-Q2,347862,Gabrielle Russell,190,Taxable brokerage,0.0092,18018.05365,41.4415234
2024-Q2,262095,Holly George,142,Taxable Trust,0.0092,548599.3873,1261.778591
2024-Q2,262095,Holly George,144,Taxable brokerage,0.0095,1560625.09,3706.484588
2024-Q2,436054,Jeffrey Miller,129,Taxable Trust,0.0075,1887771.576,3539.571705
2024-Q2,741684,Jenna Frye,156,IRA,0.01,1409517.786,3523.794465
2024-Q2,741684,Jenna Frye,157,Joint taxable brokerage,0.0075,29487.94872,55.28990386
2024-Q2,843272,Jennifer Perez,158,Taxable brokerage,0.0092,463478.3879,1066.000292
2024-Q2,877251,Jennifer Steele,58,Joint taxable brokerage,0.009,22161.33222,49.8629975
2024-Q2,877251,Jennifer Steele,59,Taxable brokerage,0.0095,223981.648,531.956414
2024-Q2,203011,Jerry Boyd,87,IRA,0.0092,2218258.745,5101.995114
2024-Q2,203011,Jerry Boyd,89,401(k),0.0095,506004.9649,1201.761792
2024-Q2,551947,John Brooks,73,Taxable brokerage,0.0085,47769.62333,101.5104496
2024-Q2,860321,Jonathan Baker,234,IRA,0.0085,35792.77032,76.05963692
2024-Q2,400658,Joseph Brown,17,IRA,0.0092,672676.1141,1547.155062
2024-Q2,400658,Joseph Brown,18,Joint taxable brokerage,0.0085,132720.5576,282.0311848
2024-Q2,897470,Joseph Ramos,229,Joint taxable brokerage,0.0095,120476.6956,286.1321519
2024-Q2,218984,Joshua Brown,227,Joint taxable brokerage,0.01,540221.1197,1350.552799
2024-Q2,218984,Joshua Brown,228,Taxable brokerage,0.01,2354288.601,5885.721502
2024-Q2,126242,Kelsey Whitaker,167,Taxable brokerage,0.009,225315.1941,506.9591868
2024-Q2,126242,Kelsey Whitaker,169,Joint taxable brokerage,0.008,419266.2363,838.5324726
2024-Q2,126242,Kelsey Whitaker,170,Taxable Trust,0.0075,559134.5827,1048.377343
2024-Q2,136094,Kevin Armstrong,2,IRA,0.01,175337.2633,438.3431583
2024-Q2,755000,Kevin Davis,195,IRA,0.0075,393697.0841,738.1820327
2024-Q2,755000,Kevin Davis,197,Taxable Trust,0.01,1705205.613,4263.014033
2024-Q2,755000,Kevin Davis,198,IRA,0.0075,826933.0497,1550.499468
2024-Q2,694299,Kevin Nelson,13,Taxable brokerage,0.008,158358.7467,316.7174933
2024-Q2,788256,Laura Hampton,14,401(k),0.0092,519127.1568,1193.992461
2024-Q2,788256,Laura Hampton,15,Taxable Trust,0.0075,119413.4868,223.9002878
2024-Q2,788256,Laura Hampton,16,Joint taxable brokerage,0.0075,1222769.932,2292.693622
2024-Q2,854552,Lisa Harris,1,Joint taxable brokerage,0.0095,1568645.678,3725.533485
2024-Q2,500893,Matthew Barker,166,Taxable Trust,0.0085,1719091.02,3653.068418
2024-Q2,425130,Michael Pennington,37,Taxable brokerage,0.0095,2065789.579,4906.250251
2024-Q2,213444,Paige Edwards,47,Taxable Trust,0.009,37225.79413,83.75803679
2024-Q2,516349,Rachel Larson,21,IRA,0.01,135420.9756,338.5524389
2024-Q2,516349,Rachel Larson,22,Taxable Trust,0.0092,138459.0529,318.4558216
2024-Q2,791939,Robert Lewis,164,IRA,0.008,581529.7694,1163.059539
2024-Q2,791939,Robert Lewis,165,Taxable Trust,0.0085,2282310.895,4849.910652
2024-Q2,892357,Robert Long,62,Taxable brokerage,0.008,54678.78286,109.3575657
2024-Q2,892357,Robert Long,63,401(k),0.0075,671721.6448,1259.478084
2024-Q2,104250,Sean Robles,185,Taxable Trust,0.01,1663447.544,4158.618861
2024-Q2,465141,Seth Bryant,10,Taxable Trust,0.01,1350021.235,3375.053088
2024-Q2,174151,Shawn Hines,124,Taxable brokerage,0.0085,638756.2619,1357.357057
2024-Q2,501236,Stacy Jones,214,Taxable brokerage,0.0092,1758141.994,4043.726587
2024-Q2,147043,Stephanie Baker,218,Joint taxable brokerage,0.0085,31725.50492,67.41669796
2024-Q2,147043,Stephanie Baker,219,Taxable brokerage,0.009,1579274.44,3553.367491
2024-Q2,721848,Stephanie Reid,42,IRA,0.0092,200772.75,461.777325
2024-Q2,248573,Stuart Roberts,105,401(k),0.008,346109.2581,692.2185162
2024-Q2,248573,Stuart Roberts,106,Joint taxable brokerage,0.0092,28688.1627,65.98277421
2024-Q2,248573,Stuart Roberts,107,Taxable Trust,0.0095,527576.3949,1252.993938
2024-Q2,332944,Thomas Klein,126,Taxable brokerage,0.01,116507.3963,291.2684909
2024-Q2,332944,Thomas Klein,127,Taxable Trust,0.0085,485768.5729,1032.258217
2024-Q2,332944,Thomas Klein,128,Taxable brokerage,0.01,457499.0089,1143.747522
2024-Q2,544571,Tiffany Washington,109,Taxable brokerage,0.008,659577.5148,1319.15503
2024-Q2,544571,Tiffany Washington,111,Taxable Trust,0.0092,488936.5716,1124.554115
2024-Q2,667681,William Bennett,114,IRA,0.0095,272798.85,647.8972688
2024-Q1,191023,Amy Thomas,70,Taxable brokerage,0.01,39449.9641,98.62491025
2024-Q1,191023,Amy Thomas,71,401(k),0.0095,53133.34636,126.1916976
2024-Q1,475493,Andrew Mckay,202,Taxable Trust,0.0075,64732.2941,121.3730514
2024-Q1,475493,Andrew Mckay,203,Taxable Trust,0.0085,35631.54278,75.7170284
2024-Q1,614807,Anna Stone,206,Taxable brokerage,0.01,110901.9662,277.2549156
2024-Q1,614807,Anna Stone,207,401(k),0.0095,1680726.287,3991.724931
2024-Q1,677015,Annette George,160,401(k),0.0075,35062.46705,65.74212572
2024-Q1,677015,Annette George,161,Joint taxable brokerage,0.01,456481.9193,1141.204798
2024-Q1,677015,Annette George,163,401(k),0.0092,1768965.708,4068.621129
2024-Q1,439398,Anthony Allen,32,Taxable Trust,0.01,57950.45607,144.8761402
2024-Q1,551045,Anthony Smith,5,Taxable Trust,0.008,520951.9449,1041.90389
2024-Q1,304881,Brad Kelley,236,401(k),0.0075,394004.9696,738.759318
2024-Q1,578477,Brian Lee,136,Joint taxable brokerage,0.0092,408075.9516,938.5746888
2024-Q1,380587,Brianna Becker,119,IRA,0.0092,194563.0033,447.4949075
2024-Q1,316315,Brittany Paul,145,401(k),0.0075,208659.3321,391.2362477
2024-Q1,582188,Brittney Ramirez,79,Taxable brokerage,0.0085,495699.1649,1053.360725
2024-Q1,582188,Brittney Ramirez,81,Taxable Trust,0.0085,545062.234,1158.257247
2024-Q1,617803,Bryan Sherman,186,IRA,0.0075,1618267.377,3034.251332
2024-Q1,612787,Charles Sanders,210,Taxable Trust,0.0075,573169.9003,1074.693563
2024-Q1,395956,Christopher Johnson,99,Taxable Trust,0.0085,601608.7421,1278.418577
2024-Q1,789362,Clinton Parker,7,Taxable Trust,0.0092,38603.50607,88.78806395
2024-Q1,789362,Clinton Parker,8,IRA,0.009,123535.5567,277.9550025
2024-Q1,553335,Curtis Bauer,35,IRA,0.0085,1696559.912,3605.189812
2024-Q1,405046,Cynthia Carter,132,401(k),0.0085,472871.0928,1004.851072
2024-Q1,405046,Cynthia Carter,133,Joint taxable brokerage,0.009,485784.6857,1093.015543
2024-Q1,392846,Daniel Escobar,193,Joint taxable brokerage,0.0095,1283785.402,3048.990329
2024-Q1,290616,Danielle Larson,151,Taxable Trust,0.0085,485281.4006,1031.222976
2024-Q1,814288,Daniel Ward,171,Taxable brokerage,0.008,1644421.769,3288.843538
2024-Q1,692430,David Fischer,101,IRA,0.0075,476233.3364,892.9375057
2024-Q1,692430,David Fischer,102,Joint taxable brokerage,0.0075,534564.2036,1002.307882
2024-Q1,464227,Erin Reeves,138,401(k),0.0085,1168503.977,2483.07095
2024-Q1,347862,Gabrielle Russell,190,Taxable brokerage,0.0092,16995.732,39.0901836
2024-Q1,262095,Holly George,142,Taxable Trust,0.0092,505931.6116,1163.642707
2024-Q1,262095,Holly George,144,Taxable brokerage,0.0095,1314546.08,3122.046941
2024-Q1,436054,Jeffrey Miller,129,Taxable Trust,0.0075,1796723.868,3368.857253
2024-Q1,741684,Jenna Frye,156,IRA,0.01,1344114.137,3360.285343
2024-Q1,843272,Jennifer Perez,158,Taxable brokerage,0.0092,428398.2518,985.3159791
2024-Q1,877251,Jennifer Steele,58,Joint taxable brokerage,0.009,19628.23115,44.16352008
2024-Q1,203011,Jerry Boyd,87,IRA,0.0092,2081904.697,4788.380804
2024-Q1,203011,Jerry Boyd,89,401(k),0.0095,491488.2407,1167.284572
2024-Q1,860321,Jonathan Baker,234,IRA,0.0085,32607.8718,69.29172758
2024-Q1,400658,Joseph Brown,17,IRA,0.0092,642414.1384,1477.552518
2024-Q1,897470,Joseph Ramos,229,Joint taxable brokerage,0.0095,110933.9655,263.468168
2024-Q1,218984,Joshua Brown,227,Joint taxable brokerage,0.01,512255.927,1280.639818
2024-Q1,218984,Joshua Brown,228,Taxable brokerage,0.01,2222821.999,5557.054996
2024-Q1,126242,Kelsey Whitaker,167,Taxable brokerage,0.009,207136.1319,466.0562968
2024-Q1,755000,Kevin Davis,195,IRA,0.0075,343946.1957,644.899117
2024-Q1,755000,Kevin Davis,197,Taxable Trust,0.01,1357251.698,3393.129245
2024-Q1,788256,Laura Hampton,14,401(k),0.0092,464418.629,1068.162847
2024-Q1,788256,Laura Hampton,15,Taxable Trust,0.0075,112257.9207,210.4836012
2024-Q1,788256,Laura Hampton,16,Joint taxable brokerage,0.0075,1087217.987,2038.533725
2024-Q1,854552,Lisa Harris,1,Joint taxable brokerage,0.0095,1239489.4,2943.787326
2024-Q1,213444,Paige Edwards,47,Taxable Trust,0.009,33266.59328,74.84983488
2024-Q1,516349,Rachel Larson,21,IRA,0.01,129023.89,322.559725
2024-Q1,516349,Rachel Larson,22,Taxable Trust,0.0092,121234.6071,278.8395963
2024-Q1,791939,Robert Lewis,164,IRA,0.008,559610.2262,1119.220452
2024-Q1,791939,Robert Lewis,165,Taxable Trust,0.0085,2096838.347,4455.781487
2024-Q1,892357,Robert Long,62,Taxable brokerage,0.008,47079.33689,94.15867377
2024-Q1,892357,Robert Long,63,401(k),0.0075,636886.4592,1194.162111
2024-Q1,104250,Sean Robles,185,Taxable Trust,0.01,1553790.994,3884.477485
2024-Q1,465141,Seth Bryant,10,Taxable Trust,0.01,1172724.683,2931.811707
2024-Q1,174151,Shawn Hines,124,Taxable brokerage,0.0085,629160.2529,1336.965537
2024-Q1,501236,Stacy Jones,214,Taxable brokerage,0.0092,1544856.163,3553.169175
2024-Q1,147043,Stephanie Baker,218,Joint taxable brokerage,0.0085,29383.48656,62.43990893
2024-Q1,248573,Stuart Roberts,105,401(k),0.008,264784.4125,529.5688249
2024-Q1,248573,Stuart Roberts,106,Joint taxable brokerage,0.0092,22063.38557,50.74578682
2024-Q1,248573,Stuart Roberts,107,Taxable Trust,0.0095,420719.8544,999.2096543
2024-Q1,332944,Thomas Klein,126,Taxable brokerage,0.01,111216.5175,278.0412939
2024-Q1,332944,Thomas Klein,127,Taxable Trust,0.0085,427891.0303,909.2684394
2024-Q1,332944,Thomas Klein,128,Taxable brokerage,0.01,434262.5854,1085.656464
2024-Q1,544571,Tiffany Washington,109,Taxable brokerage,0.008,617146.8459,1234.293692
2024-Q1,544571,Tiffany Washington,111,Taxable Trust,0.0092,451808.7348,1039.16009
2023-Q4,191023,Amy Thomas,70,Taxable brokerage,0.01,33569.22794,83.92306984
2023-Q4,475493,Andrew Mckay,202,Taxable Trust,0.0075,63477.48175,119.0202783
2023-Q4,614807,Anna Stone,206,Taxable brokerage,0.01,100077.6046,250.1940115
2023-Q4,677015,Annette George,160,401(k),0.0075,25578.06237,47.95886694
2023-Q4,677015,Annette George,161,Joint taxable brokerage,0.01,426431.6381,1066.079095
2023-Q4,677015,Annette George,163,401(k),0.0092,1702921.707,3916.719925
2023-Q4,439398,Anthony Allen,32,Taxable Trust,0.01,58237.76333,145.5944083
2023-Q4,551045,Anthony Smith,5,Taxable Trust,0.008,494225.1616,988.4503232
2023-Q4,578477,Brian Lee,136,Joint taxable brokerage,0.0092,377676.7422,868.6565071
2023-Q4,380587,Brianna Becker,119,IRA,0.0092,179994.6494,413.9876935
2023-Q4,316315,Brittany Paul,145,401(k),0.0075,188548.7222,353.5288542
2023-Q4,612787,Charles Sanders,210,Taxable Trust,0.0075,539715.5276,1011.966614
2023-Q4,395956,Christopher Johnson,99,Taxable Trust,0.0085,555821.3716,1181.120415
2023-Q4,789362,Clinton Parker,7,Taxable Trust,0.0092,38155.19222,87.75694211
2023-Q4,405046,Cynthia Carter,132,401(k),0.0085,442588.451,940.5004583
2023-Q4,692430,David Fischer,101,IRA,0.0075,416933.533,781.7503744
2023-Q4,692430,David Fischer,102,Joint taxable brokerage,0.0075,519623.3175,974.2937203
2023-Q4,262095,Holly George,142,Taxable Trust,0.0092,439959.7284,1011.907375
2023-Q4,436054,Jeffrey Miller,129,Taxable Trust,0.0075,1656625.693,3106.173174
2023-Q4,741684,Jenna Frye,156,IRA,0.01,1188053.572,2970.133931
2023-Q4,843272,Jennifer Perez,158,Taxable brokerage,0.0092,398990.8411,917.6789346
2023-Q4,877251,Jennifer Steele,58,Joint taxable brokerage,0.009,16244.58,36.550305
2023-Q4,860321,Jonathan Baker,234,IRA,0.0085,32539.47714,69.14638893
2023-Q4,400658,Joseph Brown,17,IRA,0.0092,617203.025,1419.566958
2023-Q4,218984,Joshua Brown,227,Joint taxable brokerage,0.01,456464.8413,1141.162103
2023-Q4,218984,Joshua Brown,228,Taxable brokerage,0.01,2158992.529,5397.481324
2023-Q4,755000,Kevin Davis,195,IRA,0.0075,297952.8713,558.6616336
2023-Q4,755000,Kevin Davis,197,Taxable Trust,0.01,1068552.857,2671.382142
2023-Q4,788256,Laura Hampton,14,401(k),0.0092,455600.4687,1047.881078
2023-Q4,788256,Laura Hampton,15,Taxable Trust,0.0075,109535.1578,205.3784208
2023-Q4,788256,Laura Hampton,16,Joint taxable brokerage,0.0075,979347.2393,1836.276074
2023-Q4,854552,Lisa Harris,1,Joint taxable brokerage,0.0095,965308.2588,2292.607115
2023-Q4,213444,Paige Edwards,47,Taxable Trust,0.009,31079.91952,69.92981893
2023-Q4,516349,Rachel Larson,21,IRA,0.01,125084.1027,312.7102567
2023-Q4,791939,Robert Lewis,164,IRA,0.008,541242.8076,1082.485615
2023-Q4,791939,Robert Lewis,165,Taxable Trust,0.0085,1990671.103,4230.176093
2023-Q4,892357,Robert Long,62,Taxable brokerage,0.008,43867.92905,87.7358581
2023-Q4,892357,Robert Long,63,401(k),0.0075,603532.3162,1131.623093
2023-Q4,104250,Sean Robles,185,Taxable Trust,0.01,1337461.448,3343.653621
2023-Q4,465141,Seth Bryant,10,Taxable Trust,0.01,1088174.418,2720.436044
2023-Q4,147043,Stephanie Baker,218,Joint taxable brokerage,0.0085,26640.35143,56.61074679
2023-Q4,248573,Stuart Roberts,105,401(k),0.008,191609.6576,383.2193152
2023-Q4,248573,Stuart Roberts,106,Joint taxable brokerage,0.0092,19376.97937,44.56705254
2023-Q4,248573,Stuart Roberts,107,Taxable Trust,0.0095,312895.9083,743.1277821
2023-Q4,332944,Thomas Klein,126,Taxable brokerage,0.01,97908.37032,244.7709258
2023-Q4,332944,Thomas Klein,127,Taxable Trust,0.0085,419675.5978,891.8106453
2023-Q4,332944,Thomas Klein,128,Taxable brokerage,0.01,390211.4468,975.528617
2023-Q4,544571,Tiffany Washington,109,Taxable brokerage,0.008,542227.163,1084.454326
2023-Q4,544571,Tiffany Washington,111,Taxable Trust,0.0092,394440.4544,907.2130452
2023-Q3,191023,Amy Thomas,70,Taxable brokerage,0.01,32276.4,80.691
2023-Q3,475493,Andrew Mckay,202,Taxable Trust,0.0075,63121.75349,118.3532878
2023-Q3,614807,Anna Stone,206,Taxable brokerage,0.01,101234.6968,253.0867421
2023-Q3,439398,Anthony Allen,32,Taxable Trust,0.01,60202.82778,150.5070694
2023-Q3,551045,Anthony Smith,5,Taxable Trust,0.008,473810.5,947.621
2023-Q3,578477,Brian Lee,136,Joint taxable brokerage,0.0092,417665.6538,960.6310038
2023-Q3,316315,Brittany Paul,145,401(k),0.0075,195602.4763,366.7546432
2023-Q3,395956,Christopher Johnson,99,Taxable Trust,0.0085,534277.6646,1135.340037
2023-Q3,789362,Clinton Parker,7,Taxable Trust,0.0092,44962.56789,103.4139062
2023-Q3,692430,David Fischer,101,IRA,0.0075,413527.2904,775.3636696
2023-Q3,262095,Holly George,142,Taxable Trust,0.0092,436434.505,1003.799362
2023-Q3,741684,Jenna Frye,156,IRA,0.01,1145606.469,2864.016171
2023-Q3,877251,Jennifer Steele,58,Joint taxable brokerage,0.009,15593.7913,35.08603042
2023-Q3,860321,Jonathan Baker,234,IRA,0.0085,33965.12431,72.17588917
2023-Q3,218984,Joshua Brown,227,Joint taxable brokerage,0.01,454609.2227,1136.523057
2023-Q3,755000,Kevin Davis,195,IRA,0.0075,294665.389,552.4976045
2023-Q3,755000,Kevin Davis,197,Taxable Trust,0.01,1088988.244,2722.470609
2023-Q3,788256,Laura Hampton,14,401(k),0.0092,494335.6746,1136.972052
2023-Q3,788256,Laura Hampton,15,Taxable Trust,0.0075,114251.4204,214.2214133
2023-Q3,213444,Paige Edwards,47,Taxable Trust,0.009,33551.68603,75.49129357
2023-Q3,791939,Robert Lewis,164,IRA,0.008,527359.2835,1054.718567
2023-Q3,892357,Robert Long,62,Taxable brokerage,0.008,47623.25925,95.2465185
2023-Q3,104250,Sean Robles,185,Taxable Trust,0.01,1205242.075,3013.105188
2023-Q3,465141,Seth Bryant,10,Taxable Trust,0.01,1217657.391,3044.143477
2023-Q3,248573,Stuart Roberts,105,401(k),0.008,190060.3283,380.1206565
2023-Q3,248573,Stuart Roberts,106,Joint taxable brokerage,0.0092,22270.04424,51.22110175
2023-Q3,248573,Stuart Roberts,107,Taxable Trust,0.0095,307381.8982,730.0320083
2023-Q3,332944,Thomas Klein,126,Taxable brokerage,0.01,92397.56095,230.9939024
2023-Q3,332944,Thomas Klein,127,Taxable Trust,0.0085,454321.5844,965.4333669
2023-Q3,544571,Tiffany Washington,109,Taxable brokerage,0.008,535180.6537,1070.361307
2023-Q3,544571,Tiffany Washington,111,Taxable Trust,0.0092,371522.5416,854.5018457
2023-Q2,475493,Andrew Mckay,202,Taxable Trust,0.0075,59650.98468,111.8455963
2023-Q2,578477,Brian Lee,136,Joint taxable brokerage,0.0092,425792.3748,979.3224621
2023-Q2,316315,Brittany Paul,145,401(k),0.0075,189078.8302,354.5228066
2023-Q2,395956,Christopher Johnson,99,Taxable Trust,0.0085,508025.8033,1079.554832
2023-Q2,741684,Jenna Frye,156,IRA,0.01,1078292.503,2695.731258
2023-Q2,218984,Joshua Brown,227,Joint taxable brokerage,0.01,445439.372,1113.59843
2023-Q2,755000,Kevin Davis,195,IRA,0.0075,265241.7984,497.328372
2023-Q2,788256,Laura Hampton,14,401(k),0.0092,495093.2593,1138.714496
2023-Q2,213444,Paige Edwards,47,Taxable Trust,0.009,35380.79909,79.60679795
2023-Q2,791939,Robert Lewis,164,IRA,0.008,494095.8523,988.1917045
2023-Q2,465141,Seth Bryant,10,Taxable Trust,0.01,1304977.556,3262.44389
2023-Q2,248573,Stuart Roberts,105,401(k),0.008,160730.0848,321.4601697
2023-Q2,332944,Thomas Klein,126,Taxable brokerage,0.01,88765.28959,221.913224
2023-Q2,332944,Thomas Klein,127,Taxable Trust,0.0085,447363.822,950.6481218
2023-Q2,544571,Tiffany Washington,109,Taxable brokerage,0.008,499537.6168,999.0752335
2023-Q2,544571,Tiffany Washington,111,Taxable Trust,0.0092,341750.7302,786.0266794
2023-Q1,475493,Andrew Mckay,202,Taxable Trust,0.0075,53466.84273,100.2503301
2023-Q1,578477,Brian Lee,136,Joint taxable brokerage,0.0092,384494.4637,884.3372664
2023-Q1,316315,Brittany Paul,145,401(k),0.0075,178353.9722,334.4136979
2023-Q1,741684,Jenna Frye,156,IRA,0.01,973820.2879,2434.55072
2023-Q1,755000,Kevin Davis,195,IRA,0.0075,244303.1967,458.0684938
2023-Q1,791939,Robert Lewis,164,IRA,0.008,444288.0729,888.5761459
2023-Q1,248573,Stuart Roberts,105,401(k),0.008,124407.6085,248.8152171
2023-Q1,544571,Tiffany Washington,109,Taxable brokerage,0.008,465324.8508,930.6497016
2023-Q1,544571,Tiffany Washington,111,Taxable Trust,0.0092,296707.0735,682.426269
