Row,Ticker,Date,Open,Close,High,Low
1,GME,2023-01-04,17.25,17.31999969482422,17.93000030517578,16.899999618530273
2,GME,2023-01-05,17.059999465942383,16.219999313354492,17.260000228881836,15.890000343322754
3,GME,2023-01-06,16.0,16.459999084472656,16.56999969482422,15.40999984741211
4,GME,2023-01-09,16.649999618530273,16.3799991607666,17.1299991607666,16.360000610351562
5,GME,2023-01-10,16.299999237060547,17.770000457763672,18.09000015258789,16.25
6,GME,2023-01-11,18.190000534057617,19.040000915527344,20.049999237060547,17.860000610351562
7,GME,2023-01-12,19.040000915527344,20.6299991607666,20.6299991607666,18.34000015258789
8,GME,2023-01-13,19.8799991607666,20.489999771118164,21.110000610351562,19.799999237060547
9,GME,2023-01-17,20.489999771118164,21.799999237060547,21.940000534057617,20.3700008392334
10,GME,2023-01-18,22.010000228881836,20.790000915527344,22.149999618530273,20.5
11,GME,2023-01-19,20.440000534057617,19.040000915527344,20.450000762939453,18.81999969482422
12,GME,2023-01-20,19.049999237060547,19.610000610351562,20.06999969482422,18.899999618530273
13,GME,2023-01-23,19.5,21.65999984741211,22.489999771118164,19.3700008392334
14,GME,2023-01-24,21.299999237060547,21.399999618530273,22.09000015258789,21.0
15,GME,2023-01-25,20.59000015258789,20.229999542236328,20.84000015258789,19.530000686645508
16,GME,2023-01-26,20.610000610351562,20.010000228881836,21.170000076293945,19.3799991607666
17,GME,2023-01-27,19.799999237060547,22.81999969482422,23.309999465942383,19.40999984741211
18,GME,2023-01-30,22.5,21.25,23.479999542236328,21.1299991607666
19,GME,2023-01-31,21.40999984741211,21.8700008392334,22.049999237060547,21.299999237060547
20,GME,2023-02-01,21.489999771118164,21.829999923706055,22.1200008392334,20.549999237060547
21,GME,2023-02-02,22.440000534057617,22.700000762939453,24.399999618530273,22.219999313354492
22,GME,2023-02-03,22.010000228881836,22.25,23.93000030517578,21.799999237060547
23,GME,2023-02-06,21.8799991607666,23.860000610351562,24.8799991607666,21.770000457763672
24,GME,2023-02-07,23.0,21.219999313354492,23.049999237060547,20.5
25,GME,2023-02-08,21.43000030517578,21.100000381469727,21.549999237060547,20.610000610351562
26,GME,2023-02-09,21.25,19.670000076293945,21.649999618530273,19.670000076293945
27,GME,2023-02-10,19.559999465942383,19.270000457763672,20.040000915527344,19.049999237060547
28,GME,2023-02-13,19.299999237060547,19.690000534057617,19.940000534057617,19.010000228881836
29,GME,2023-02-14,19.309999465942383,19.8700008392334,20.010000228881836,19.100000381469727
30,GME,2023-02-15,19.799999237060547,21.799999237060547,21.799999237060547,19.59000015258789
31,GME,2023-02-16,21.25,21.600000381469727,22.420000076293945,20.850000381469727
32,GME,2023-02-17,21.270000457763672,21.989999771118164,22.06999969482422,21.149999618530273
33,GME,2023-02-21,21.329999923706055,20.65999984741211,21.829999923706055,20.6299991607666
34,GME,2023-02-22,20.530000686645508,20.520000457763672,21.190000534057617,20.329999923706055
35,GME,2023-02-23,20.65999984741211,20.139999389648438,20.8700008392334,19.530000686645508
36,GME,2023-02-24,19.709999084472656,19.540000915527344,20.079999923706055,19.540000915527344
37,GME,2023-02-27,19.610000610351562,19.100000381469727,19.700000762939453,18.889999389648438
38,GME,2023-02-28,19.059999465942383,19.229999542236328,19.520000457763672,18.950000762939453
39,GME,2023-03-01,18.920000076293945,18.149999618530273,19.09000015258789,18.139999389648438
40,GME,2023-03-02,18.149999618530273,18.190000534057617,18.399999618530273,17.6200008392334
41,GME,2023-03-03,18.190000534057617,18.700000762939453,19.100000381469727,18.100000381469727
42,GME,2023-03-06,18.520000457763672,18.649999618530273,19.5,18.520000457763672
43,GME,2023-03-07,18.540000915527344,18.059999465942383,18.84000015258789,18.059999465942383
44,GME,2023-03-08,18.049999237060547,18.170000076293945,18.3799991607666,17.6299991607666
45,GME,2023-03-09,18.06999969482422,17.520000457763672,18.3799991607666,17.479999542236328
46,GME,2023-03-10,17.530000686645508,17.25,17.770000457763672,16.850000381469727
47,GME,2023-03-13,16.770000457763672,16.75,17.350000381469727,16.520000457763672
48,GME,2023-03-14,17.3700008392334,16.90999984741211,17.40999984741211,16.399999618530273
49,GME,2023-03-15,16.5,15.949999809265137,16.690000534057617,15.699999809265137
50,GME,2023-03-16,16.0,16.760000228881836,16.770000457763672,15.529999732971191
51,GME,2023-03-17,16.6200008392334,16.600000381469727,16.719999313354492,15.920000076293945
52,GME,2023-03-20,16.649999618530273,16.8700008392334,17.270000457763672,16.25
53,GME,2023-03-21,17.149999618530273,17.649999618530273,18.350000381469727,17.139999389648438
54,GME,2023-03-22,26.600000381469727,23.8700008392334,27.0,23.049999237060547
55,GME,2023-03-23,22.56999969482422,22.579999923706055,24.59000015258789,22.1299991607666
56,GME,2023-03-24,22.31999969482422,23.979999542236328,23.989999771118164,22.100000381469727
57,GME,2023-03-27,23.989999771118164,23.0,24.010000228881836,22.690000534057617
58,GME,2023-03-28,22.969999313354492,23.149999618530273,23.540000915527344,22.219999313354492
59,GME,2023-03-29,23.079999923706055,22.459999084472656,23.700000762939453,22.219999313354492
60,GME,2023-03-30,22.600000381469727,22.5,22.829999923706055,22.110000610351562
61,GME,2023-03-31,22.350000381469727,23.020000457763672,23.06999969482422,22.149999618530273
62,GME,2023-04-03,22.940000534057617,23.170000076293945,23.850000381469727,22.65999984741211
63,GME,2023-04-04,22.75,22.350000381469727,23.139999389648438,22.09000015258789
64,GME,2023-04-05,22.469999313354492,22.06999969482422,22.469999313354492,21.229999542236328
65,GME,2023-04-06,22.0,22.399999618530273,22.670000076293945,21.770000457763672
66,GME,2023-04-10,21.850000381469727,22.3700008392334,22.43000030517578,21.81999969482422
67,GME,2023-04-11,22.56999969482422,22.690000534057617,23.170000076293945,22.420000076293945
68,GME,2023-04-12,22.899999618530273,22.260000228881836,23.280000686645508,22.260000228881836
69,GME,2023-04-13,22.5,22.549999237060547,22.850000381469727,22.329999923706055
70,GME,2023-04-14,22.739999771118164,22.459999084472656,23.25,22.31999969482422
71,GME,2023-04-17,22.270000457763672,22.280000686645508,22.68000030517578,22.139999389648438
72,GME,2023-04-18,22.139999389648438,21.610000610351562,22.31999969482422,21.5
73,GME,2023-04-19,21.280000686645508,21.309999465942383,21.8700008392334,20.959999084472656
74,GME,2023-04-20,20.8799991607666,20.219999313354492,21.56999969482422,20.059999465942383
75,GME,2023-04-21,20.200000762939453,20.489999771118164,20.6200008392334,20.100000381469727
76,GME,2023-04-24,20.149999618530273,19.93000030517578,20.40999984741211,19.809999465942383
77,GME,2023-04-25,19.739999771118164,19.0,20.040000915527344,18.90999984741211
78,GME,2023-04-26,18.979999542236328,18.649999618530273,19.229999542236328,18.649999618530273
79,GME,2023-04-27,18.75,18.940000534057617,19.34000015258789,18.719999313354492
80,GME,2023-04-28,18.920000076293945,19.290000915527344,19.719999313354492,18.8799991607666
81,GME,2023-05-01,19.15999984741211,18.549999237060547,19.25,18.459999084472656
82,GME,2023-05-02,18.450000762939453,18.579999923706055,18.579999923706055,18.059999465942383
83,GME,2023-05-03,18.559999465942383,18.899999618530273,19.200000762939453,18.530000686645508
84,GME,2023-05-04,19.25,19.350000381469727,19.479999542236328,18.920000076293945
85,GME,2023-05-05,19.6200008392334,20.420000076293945,20.8799991607666,19.510000228881836
86,GME,2023-05-08,20.459999084472656,20.510000228881836,20.989999771118164,20.09000015258789
87,GME,2023-05-09,20.15999984741211,20.239999771118164,20.649999618530273,20.1200008392334
88,GME,2023-05-10,20.450000762939453,20.760000228881836,20.959999084472656,20.3799991607666
89,GME,2023-05-11,20.690000534057617,20.8799991607666,21.15999984741211,20.510000228881836
90,GME,2023-05-12,20.829999923706055,20.690000534057617,20.979999542236328,20.229999542236328
91,GME,2023-05-15,20.6200008392334,21.6200008392334,21.6299991607666,20.489999771118164
92,GME,2023-05-16,21.5,21.989999771118164,22.100000381469727,21.420000076293945
93,GME,2023-05-17,21.989999771118164,22.8700008392334,23.25,21.899999618530273
94,GME,2023-05-18,22.899999618530273,23.049999237060547,23.299999237060547,22.68000030517578
95,GME,2023-05-19,22.940000534057617,22.059999465942383,22.989999771118164,21.75
96,GME,2023-05-22,22.100000381469727,24.209999084472656,24.360000610351562,21.989999771118164
97,GME,2023-05-23,23.889999389648438,23.15999984741211,23.899999618530273,22.799999237060547
98,GME,2023-05-24,23.1299991607666,23.270000457763672,23.520000457763672,22.729999542236328
99,GME,2023-05-25,23.5,23.350000381469727,23.690000534057617,22.709999084472656
100,GME,2023-05-26,23.469999313354492,23.25,23.709999084472656,23.059999465942383
101,GME,2023-05-30,23.350000381469727,24.56999969482422,24.690000534057617,23.299999237060547
102,GME,2023-05-31,24.510000228881836,24.049999237060547,24.799999237060547,23.8799991607666
103,GME,2023-06-01,24.040000915527344,24.100000381469727,24.65999984741211,23.780000686645508
104,GME,2023-06-02,24.290000915527344,24.639999389648438,24.93000030517578,24.280000686645508
105,GME,2023-06-05,24.530000686645508,24.309999465942383,25.84000015258789,24.15999984741211
106,GME,2023-06-06,24.010000228881836,24.690000534057617,25.25,24.0
107,GME,2023-06-07,26.200000762939453,26.110000610351562,26.549999237060547,25.06999969482422
108,GME,2023-06-08,20.299999237060547,21.440000534057617,22.0,20.100000381469727
109,GME,2023-06-09,21.780000686645508,22.68000030517578,23.43000030517578,21.5
110,GME,2023-06-12,22.850000381469727,24.299999237060547,24.299999237060547,22.739999771118164
111,GME,2023-06-13,26.200000762939453,26.950000762939453,27.649999618530273,25.030000686645508
112,GME,2023-06-14,26.719999313354492,25.700000762939453,27.079999923706055,24.899999618530273
113,GME,2023-06-15,25.40999984741211,24.84000015258789,26.170000076293945,24.639999389648438
114,GME,2023-06-16,25.020000457763672,24.559999465942383,25.110000610351562,24.420000076293945
115,GME,2023-06-20,24.40999984741211,24.579999923706055,24.649999618530273,23.719999313354492
116,GME,2023-06-21,24.84000015258789,24.43000030517578,25.100000381469727,24.100000381469727
117,GME,2023-06-22,24.1299991607666,24.31999969482422,24.329999923706055,23.760000228881836
118,GME,2023-06-23,23.780000686645508,23.700000762939453,24.149999618530273,23.68000030517578
119,GME,2023-06-26,23.3799991607666,23.020000457763672,24.030000686645508,22.90999984741211
120,GME,2023-06-27,23.290000915527344,23.579999923706055,23.600000381469727,23.0
121,GME,2023-06-28,23.440000534057617,24.979999542236328,25.100000381469727,23.399999618530273
122,GME,2023-06-29,24.959999084472656,24.899999618530273,25.469999313354492,24.6200008392334
123,GME,2023-06-30,24.969999313354492,24.25,25.1299991607666,24.25
124,GME,2023-07-03,24.290000915527344,24.90999984741211,25.110000610351562,24.209999084472656
125,GME,2023-07-05,24.639999389648438,23.899999618530273,24.850000381469727,23.790000915527344
126,GME,2023-07-06,23.520000457763672,22.829999923706055,23.56999969482422,22.81999969482422
127,GME,2023-07-07,22.969999313354492,22.709999084472656,23.530000686645508,22.670000076293945
128,GME,2023-07-10,22.610000610351562,23.540000915527344,23.559999465942383,22.0
129,GME,2023-07-11,23.200000762939453,23.90999984741211,24.440000534057617,23.200000762939453
130,GME,2023-07-12,24.25,23.440000534057617,24.309999465942383,23.440000534057617
131,GME,2023-07-13,23.540000915527344,23.459999084472656,23.979999542236328,23.420000076293945
132,GME,2023-07-14,23.489999771118164,22.969999313354492,23.719999313354492,22.940000534057617
133,GME,2023-07-17,22.8799991607666,22.81999969482422,23.309999465942383,22.700000762939453
134,GME,2023-07-18,22.719999313354492,23.079999923706055,23.799999237060547,22.68000030517578
135,GME,2023-07-19,23.420000076293945,23.170000076293945,23.579999923706055,22.959999084472656
136,GME,2023-07-20,23.010000228881836,22.90999984741211,23.219999313354492,22.65999984741211
137,GME,2023-07-21,23.049999237060547,22.18000030517578,23.219999313354492,22.15999984741211
138,GME,2023-07-24,22.420000076293945,23.040000915527344,23.040000915527344,22.200000762939453
139,GME,2023-07-25,23.100000381469727,22.850000381469727,23.100000381469727,22.530000686645508
140,GME,2023-07-26,22.700000762939453,22.700000762939453,22.989999771118164,22.479999542236328
141,GME,2023-07-27,22.940000534057617,22.219999313354492,23.489999771118164,22.1299991607666
142,GME,2023-07-28,22.020000457763672,21.93000030517578,22.489999771118164,21.790000915527344
143,GME,2023-07-31,22.0,22.200000762939453,22.3799991607666,21.850000381469727
144,GME,2023-08-01,21.950000762939453,21.5,22.0,21.260000228881836
145,GME,2023-08-02,21.149999618530273,20.829999923706055,21.149999618530273,20.34000015258789
146,GME,2023-08-03,20.8799991607666,20.93000030517578,21.18000030517578,20.739999771118164
147,GME,2023-08-04,20.950000762939453,20.979999542236328,21.889999389648438,20.889999389648438
148,GME,2023-08-07,20.899999618530273,21.06999969482422,21.239999771118164,20.479999542236328
149,GME,2023-08-08,20.700000762939453,20.739999771118164,20.899999618530273,20.280000686645508
150,GME,2023-08-09,20.850000381469727,19.93000030517578,20.850000381469727,19.81999969482422
151,GME,2023-08-10,20.0,20.190000534057617,20.290000915527344,19.8700008392334
152,GME,2023-08-11,20.030000686645508,20.190000534057617,20.3799991607666,19.969999313354492
153,GME,2023-08-14,19.75,19.959999084472656,20.010000228881836,19.079999923706055
154,GME,2023-08-15,19.770000457763672,19.329999923706055,19.780000686645508,19.09000015258789
155,GME,2023-08-16,19.18000030517578,18.59000015258789,19.34000015258789,18.549999237060547
156,GME,2023-08-17,18.790000915527344,18.3799991607666,18.809999465942383,18.299999237060547
157,GME,2023-08-18,18.18000030517578,18.360000610351562,18.65999984741211,18.139999389648438
158,GME,2023-08-21,18.299999237060547,18.479999542236328,18.81999969482422,18.200000762939453
159,GME,2023-08-22,18.6200008392334,17.260000228881836,18.6200008392334,17.25
160,GME,2023-08-23,17.25,16.889999389648438,17.34000015258789,16.8799991607666
161,GME,2023-08-24,16.940000534057617,16.360000610351562,16.979999542236328,16.18000030517578
162,GME,2023-08-25,16.5,17.1299991607666,17.18000030517578,16.450000762939453
163,GME,2023-08-28,17.350000381469727,17.56999969482422,18.110000610351562,17.25
164,GME,2023-08-29,17.600000381469727,18.239999771118164,18.549999237060547,17.600000381469727
165,GME,2023-08-30,18.200000762939453,18.3700008392334,18.520000457763672,17.90999984741211
166,GME,2023-08-31,18.40999984741211,18.549999237060547,19.420000076293945,18.149999618530273
167,GME,2023-09-01,18.65999984741211,18.420000076293945,18.729999542236328,18.31999969482422
168,GME,2023-09-05,18.450000762939453,19.229999542236328,19.34000015258789,18.260000228881836
169,GME,2023-09-06,19.059999465942383,18.75,19.149999618530273,18.420000076293945
170,GME,2023-09-07,19.1299991607666,18.889999389648438,19.479999542236328,17.610000610351562
171,GME,2023-09-08,18.149999618530273,17.709999084472656,18.5,17.350000381469727
172,GME,2023-09-11,17.850000381469727,17.020000457763672,17.850000381469727,16.899999618530273
173,GME,2023-09-12,17.530000686645508,17.229999542236328,18.5,17.190000534057617
174,GME,2023-09-13,17.309999465942383,17.809999465942383,17.93000030517578,17.270000457763672
175,GME,2023-09-14,17.799999237060547,18.329999923706055,18.520000457763672,17.600000381469727
176,GME,2023-09-15,18.360000610351562,18.219999313354492,18.610000610351562,18.149999618530273
177,GME,2023-09-18,17.989999771118164,17.549999237060547,18.100000381469727,17.350000381469727
178,GME,2023-09-19,17.59000015258789,17.520000457763672,17.639999389648438,17.1299991607666
179,GME,2023-09-20,17.6299991607666,17.520000457763672,17.93000030517578,17.450000762939453
180,GME,2023-09-21,17.280000686645508,17.020000457763672,17.31999969482422,16.649999618530273
181,GME,2023-09-22,17.18000030517578,17.18000030517578,17.350000381469727,17.0
182,GME,2023-09-25,17.0,17.670000076293945,17.719999313354492,16.850000381469727
183,GME,2023-09-26,17.3799991607666,16.780000686645508,17.81999969482422,16.780000686645508
184,GME,2023-09-27,16.8700008392334,17.149999618530273,17.260000228881836,16.809999465942383
185,GME,2023-09-28,18.020000457763672,16.84000015258789,18.100000381469727,16.440000534057617
186,GME,2023-09-29,17.049999237060547,16.459999084472656,17.260000228881836,16.399999618530273
187,GME,2023-10-02,16.299999237060547,15.390000343322754,16.309999465942383,15.260000228881836
188,GME,2023-10-03,15.289999961853027,14.600000381469727,15.289999961853027,14.569999694824219
189,GME,2023-10-04,14.770000457763672,14.869999885559082,14.9399995803833,14.4399995803833
190,GME,2023-10-05,14.699999809265137,14.710000038146973,14.979999542236328,14.579999923706055
191,GME,2023-10-06,14.59000015258789,15.079999923706055,15.260000228881836,14.579999923706055
192,GME,2023-10-09,14.770000457763672,15.399999618530273,15.5,14.720000267028809
193,GME,2023-10-10,15.5,16.0,16.190000534057617,15.399999618530273
194,GME,2023-10-11,16.010000228881836,15.819999694824219,16.09000015258789,15.739999771118164
195,GME,2023-10-12,15.770000457763672,15.09000015258789,15.800000190734863,14.819999694824219
196,GME,2023-10-13,14.920000076293945,14.920000076293945,15.109999656677246,14.779999732971191
197,GME,2023-10-16,14.8100004196167,14.430000305175781,14.930000305175781,14.149999618530273
198,GME,2023-10-17,14.25,14.119999885559082,14.829999923706055,14.100000381469727
199,GME,2023-10-18,14.0,13.850000381469727,14.25,13.8100004196167
200,GME,2023-10-19,13.800000190734863,13.15999984741211,13.850000381469727,12.899999618530273
201,GME,2023-10-20,13.180000305175781,13.4399995803833,13.800000190734863,13.119999885559082
202,GME,2023-10-23,13.279999732971191,13.4399995803833,13.59000015258789,13.039999961853027
203,GME,2023-10-24,13.59000015258789,14.039999961853027,14.300000190734863,13.550000190734863
204,GME,2023-10-25,14.010000228881836,13.710000038146973,14.010000228881836,13.609999656677246
205,GME,2023-10-26,13.729999542236328,13.5,13.800000190734863,13.40999984741211
206,GME,2023-10-27,13.510000228881836,13.119999885559082,13.619999885559082,13.020000457763672
207,GME,2023-10-30,13.149999618530273,12.800000190734863,13.270000457763672,12.59000015258789
208,GME,2023-10-31,12.850000381469727,13.770000457763672,13.899999618530273,12.819999694824219
209,GME,2023-11-01,13.779999732971191,13.010000228881836,13.800000190734863,13.010000228881836
210,GME,2023-11-02,13.369999885559082,13.640000343322754,13.699999809265137,13.279999732971191
211,GME,2023-11-03,13.899999618530273,13.869999885559082,14.399999618530273,13.829999923706055
212,GME,2023-11-06,13.989999771118164,13.529999732971191,14.050000190734863,13.489999771118164
213,GME,2023-11-07,13.470000267028809,13.640000343322754,13.789999961853027,13.229999542236328
214,GME,2023-11-08,13.510000228881836,13.279999732971191,13.760000228881836,13.279999732971191
215,GME,2023-11-09,13.25,12.699999809265137,13.319999694824219,12.699999809265137
216,GME,2023-11-10,12.8100004196167,12.539999961853027,12.970000267028809,12.350000381469727
217,GME,2023-11-13,12.5,12.140000343322754,12.529999732971191,11.829999923706055
218,GME,2023-11-14,12.75,12.899999618530273,13.390000343322754,12.6899995803833
219,GME,2023-11-15,13.149999618530273,13.270000457763672,13.5,13.029999732971191
220,GME,2023-11-16,13.140000343322754,12.529999732971191,13.1899995803833,12.520000457763672
221,GME,2023-11-17,12.520000457763672,13.029999732971191,13.0600004196167,12.520000457763672
222,GME,2023-11-20,13.0,12.800000190734863,13.199999809265137,12.800000190734863
223,GME,2023-11-21,12.649999618530273,12.550000190734863,12.720000267028809,12.260000228881836
224,GME,2023-11-22,12.5600004196167,12.289999961853027,12.710000038146973,12.1899995803833
225,GME,2023-11-24,12.220000267028809,12.199999809265137,12.40999984741211,12.180000305175781
226,GME,2023-11-27,12.180000305175781,11.90999984741211,12.329999923706055,11.890000343322754
227,GME,2023-11-28,11.899999618530273,13.489999771118164,13.550000190734863,11.890000343322754
228,GME,2023-11-29,15.489999771118164,16.25,17.559999465942383,14.699999809265137
229,GME,2023-11-30,16.290000915527344,14.550000190734863,16.329999923706055,14.319999694824219
230,GME,2023-12-01,14.520000457763672,15.300000190734863,15.989999771118164,14.5
231,GME,2023-12-04,15.289999961853027,16.979999542236328,17.40999984741211,14.90999984741211
232,GME,2023-12-05,16.469999313354492,14.90999984741211,16.719999313354492,14.869999885559082
233,GME,2023-12-06,15.359999656677246,14.84000015258789,15.699999809265137,14.640000343322754
234,GME,2023-12-07,13.710000038146973,16.360000610351562,16.520000457763672,13.5600004196167
235,GME,2023-12-08,15.829999923706055,15.550000190734863,16.479999542236328,15.470000267028809
236,GME,2023-12-11,15.449999809265137,15.069999694824219,15.6899995803833,14.979999542236328
237,GME,2023-12-12,15.119999885559082,15.220000267028809,15.359999656677246,14.84000015258789
238,GME,2023-12-13,15.220000267028809,16.690000534057617,16.799999237060547,15.1899995803833
239,GME,2023-12-14,17.139999389648438,17.440000534057617,17.8799991607666,16.799999237060547
240,GME,2023-12-15,17.399999618530273,17.260000228881836,17.579999923706055,17.010000228881836
241,GME,2023-12-18,17.239999771118164,17.860000610351562,18.510000228881836,17.100000381469727
242,GME,2023-12-19,17.889999389648438,17.719999313354492,18.59000015258789,17.229999542236328
243,GME,2023-12-20,17.530000686645508,16.93000030517578,18.3799991607666,16.889999389648438
244,GME,2023-12-21,17.190000534057617,16.979999542236328,17.34000015258789,16.59000015258789
245,GME,2023-12-22,16.780000686645508,16.969999313354492,17.200000762939453,16.450000762939453
246,GME,2023-12-26,16.979999542236328,17.360000610351562,17.40999984741211,16.81999969482422
247,GME,2023-12-27,17.43000030517578,18.3700008392334,18.3700008392334,17.3700008392334
248,GME,2023-12-28,18.049999237060547,18.06999969482422,18.31999969482422,17.850000381469727
249,GME,2023-12-29,18.040000915527344,17.530000686645508,18.15999984741211,17.459999084472656
250,GME,2024-01-02,17.25,16.670000076293945,17.600000381469727,16.579999923706055
251,GME,2024-01-03,16.299999237060547,16.690000534057617,16.829999923706055,15.899999618530273
252,GME,2024-01-04,16.510000228881836,16.360000610351562,16.75,16.309999465942383
253,GME,2024-01-05,16.15999984741211,15.960000038146973,16.520000457763672,15.960000038146973
254,GME,2024-01-08,15.779999732971191,15.789999961853027,16.1200008392334,15.699999809265137
255,GME,2024-01-09,15.59000015258789,15.15999984741211,15.619999885559082,15.119999885559082
256,GME,2024-01-10,15.119999885559082,15.729999542236328,15.760000228881836,14.970000267028809
257,GME,2024-01-11,15.649999618530273,15.25,15.800000190734863,15.239999771118164
258,GME,2024-01-12,15.300000190734863,14.75,15.619999885559082,14.729999542236328
259,GME,2024-01-16,14.600000381469727,13.979999542236328,14.619999885559082,13.930000305175781
260,GME,2024-01-17,13.859999656677246,14.079999923706055,14.109999656677246,13.710000038146973
261,GME,2024-01-18,14.199999809265137,14.289999961853027,14.770000457763672,14.050000190734863
262,GME,2024-01-19,14.359999656677246,14.510000228881836,14.600000381469727,14.09000015258789
263,GME,2024-01-22,14.5,14.899999618530273,15.15999984741211,14.300000190734863
264,GME,2024-01-23,15.0,14.180000305175781,15.020000457763672,14.050000190734863
265,GME,2024-01-24,14.279999732971191,13.949999809265137,14.380000114440918,13.819999694824219
266,GME,2024-01-25,13.970000267028809,14.520000457763672,14.539999961853027,13.920000076293945
267,GME,2024-01-26,14.4399995803833,14.489999771118164,14.720000267028809,14.40999984741211
268,GME,2024-01-29,14.5,14.779999732971191,14.8100004196167,14.319999694824219
269,GME,2024-01-30,14.539999961853027,14.550000190734863,14.819999694824219,14.510000228881836
270,GME,2024-01-31,14.399999618530273,14.229999542236328,14.829999923706055,14.220000267028809
271,GME,2024-02-01,14.34000015258789,14.420000076293945,14.420000076293945,14.020000457763672
272,GME,2024-02-02,14.149999618530273,14.729999542236328,14.920000076293945,14.079999923706055
273,GME,2024-02-05,14.5,13.460000038146973,14.609999656677246,13.399999618530273
274,GME,2024-02-06,13.600000381469727,14.100000381469727,14.300000190734863,13.430000305175781
275,GME,2024-02-07,14.119999885559082,14.069999694824219,14.300000190734863,13.779999732971191
276,GME,2024-02-08,14.010000228881836,14.350000381469727,14.4399995803833,13.890000343322754
277,GME,2024-02-09,14.369999885559082,14.65999984741211,15.229999542236328,14.300000190734863
278,GME,2024-02-12,14.579999923706055,14.729999542236328,15.220000267028809,14.529999732971191
279,GME,2024-02-13,14.199999809265137,14.170000076293945,14.399999618530273,13.770000457763672
280,GME,2024-02-14,14.329999923706055,14.40999984741211,14.430000305175781,14.050000190734863
281,GME,2024-02-15,14.539999961853027,14.510000228881836,14.75,14.229999542236328
282,GME,2024-02-16,14.460000038146973,14.119999885559082,14.529999732971191,14.100000381469727
283,GME,2024-02-20,13.960000038146973,13.489999771118164,14.050000190734863,13.15999984741211
284,GME,2024-02-21,13.460000038146973,13.40999984741211,13.670000076293945,13.229999542236328
285,GME,2024-02-22,13.5,13.359999656677246,13.649999618530273,13.34000015258789
286,GME,2024-02-23,13.300000190734863,13.510000228881836,13.789999961853027,13.119999885559082
287,GME,2024-02-26,13.3100004196167,13.680000305175781,13.75,13.199999809265137
288,GME,2024-02-27,13.699999809265137,14.210000038146973,14.289999961853027,13.680000305175781
289,GME,2024-02-28,14.0,14.239999771118164,14.470000267028809,13.890000343322754
290,GME,2024-02-29,14.34000015258789,14.270000457763672,14.649999618530273,14.029999732971191
291,GME,2024-03-01,14.180000305175781,14.949999809265137,15.09000015258789,13.989999771118164
292,GME,2024-03-04,14.930000305175781,15.220000267028809,15.59000015258789,14.829999923706055
293,GME,2024-03-05,14.949999809265137,15.0,15.279999732971191,14.779999732971191
294,GME,2024-03-06,15.220000267028809,15.260000228881836,15.890000343322754,14.9399995803833
295,GME,2024-03-07,15.260000228881836,15.260000228881836,15.510000228881836,15.050000190734863
296,GME,2024-03-08,15.399999618530273,14.649999618530273,15.630000114440918,14.520000457763672
297,GME,2024-03-11,14.640000343322754,14.430000305175781,14.9399995803833,14.359999656677246
298,GME,2024-03-12,14.350000381469727,14.720000267028809,14.84000015258789,14.09000015258789
299,GME,2024-03-13,14.6899995803833,14.869999885559082,15.199999809265137,14.619999885559082
300,GME,2024-03-14,14.800000190734863,14.630000114440918,15.020000457763672,14.399999618530273
301,GME,2024-03-15,14.550000190734863,14.239999771118164,14.829999923706055,14.210000038146973
302,GME,2024-03-18,14.25,13.90999984741211,14.300000190734863,13.899999618530273
303,GME,2024-03-19,13.760000228881836,13.40999984741211,13.890000343322754,13.300000190734863
304,GME,2024-03-20,13.470000267028809,13.479999542236328,13.789999961853027,13.210000038146973
305,GME,2024-03-21,13.5600004196167,13.65999984741211,14.020000457763672,13.479999542236328
306,GME,2024-03-22,13.760000228881836,13.100000381469727,13.949999809265137,13.010000228881836
307,GME,2024-03-25,13.420000076293945,15.119999885559082,15.149999618530273,13.3100004196167
308,GME,2024-03-26,15.149999618530273,15.5,15.630000114440918,14.75
309,GME,2024-03-27,13.050000190734863,13.170000076293945,13.720000267028809,12.800000190734863
310,GME,2024-03-28,13.1899995803833,12.520000457763672,13.1899995803833,12.470000267028809
311,GME,2024-04-01,12.630000114440918,11.989999771118164,12.670000076293945,11.550000190734863
312,GME,2024-04-02,11.84000015258789,11.279999732971191,11.989999771118164,11.260000228881836
313,GME,2024-04-03,11.220000267028809,11.380000114440918,11.5,10.899999618530273
314,GME,2024-04-04,11.5,11.529999732971191,11.829999923706055,11.380000114440918
315,GME,2024-04-05,11.300000190734863,11.25,11.5,10.970000267028809
316,GME,2024-04-08,11.300000190734863,10.829999923706055,11.369999885559082,10.829999923706055
317,GME,2024-04-09,10.850000381469727,11.010000228881836,11.180000305175781,10.729999542236328
318,GME,2024-04-10,10.899999618530273,10.850000381469727,11.069999694824219,10.75
319,GME,2024-04-11,10.90999984741211,11.289999961853027,11.390000343322754,10.800000190734863
320,GME,2024-04-12,11.210000038146973,10.770000457763672,11.229999542236328,10.760000228881836
321,GME,2024-04-15,10.8100004196167,10.0600004196167,10.84000015258789,10.0600004196167
322,GME,2024-04-16,10.0,10.369999885559082,10.550000190734863,9.949999809265137
323,GME,2024-04-17,10.4399995803833,10.300000190734863,10.59000015258789,10.300000190734863
324,GME,2024-04-18,10.319999694824219,10.3100004196167,10.630000114440918,10.270000457763672
325,GME,2024-04-19,10.199999809265137,10.420000076293945,10.5,10.199999809265137
326,GME,2024-04-22,10.40999984741211,10.010000228881836,10.449999809265137,10.010000228881836
327,GME,2024-04-23,10.050000190734863,10.15999984741211,10.279999732971191,10.010000228881836
328,GME,2024-04-24,10.15999984741211,10.930000305175781,10.9399995803833,10.15999984741211
329,GME,2024-04-25,10.699999809265137,11.210000038146973,11.210000038146973,10.479999542236328
330,GME,2024-04-26,11.180000305175781,11.899999618530273,12.1899995803833,11.0
331,GME,2024-04-29,11.84000015258789,11.289999961853027,11.960000038146973,11.180000305175781
332,GME,2024-04-30,11.180000305175781,11.09000015258789,11.300000190734863,10.90999984741211
333,GME,2024-05-01,11.029999732971191,10.90999984741211,11.319999694824219,10.699999809265137
334,GME,2024-05-02,11.109999656677246,12.760000228881836,12.880000114440918,10.960000038146973
335,GME,2024-05-03,12.420000076293945,16.469999313354492,17.450000762939453,12.3100004196167
336,GME,2024-05-06,14.989999771118164,16.309999465942383,17.399999618530273,13.619999885559082
337,GME,2024-05-07,15.850000381469727,16.309999465942383,17.290000915527344,14.930000305175781
338,GME,2024-05-08,16.049999237060547,15.920000076293945,17.239999771118164,15.329999923706055
339,GME,2024-05-09,15.899999618530273,18.010000228881836,18.510000228881836,15.350000381469727
340,GME,2024-05-10,17.93000030517578,17.459999084472656,20.200000762939453,16.8799991607666
341,GME,2024-05-13,26.34000015258789,30.450000762939453,38.20000076293945,24.770000457763672
342,GME,2024-05-14,64.83000183105469,48.75,64.83000183105469,36.0
343,GME,2024-05-15,40.310001373291016,39.54999923706055,42.349998474121094,31.0
344,GME,2024-05-16,33.97999954223633,27.670000076293945,35.2400016784668,27.59000015258789
345,GME,2024-05-17,21.860000610351562,22.209999084472656,22.40999984741211,19.700000762939453
346,GME,2024-05-20,21.540000915527344,23.139999389648438,23.399999618530273,18.940000534057617
347,GME,2024-05-21,22.239999771118164,22.1200008392334,22.850000381469727,20.040000915527344
348,GME,2024-05-22,21.559999465942383,21.1200008392334,22.25,20.760000228881836
349,GME,2024-05-23,21.399999618530273,18.31999969482422,21.399999618530273,18.260000228881836
350,GME,2024-05-24,18.420000076293945,19.0,19.68000030517578,17.700000762939453
351,GME,2024-05-28,23.100000381469727,23.780000686645508,26.65999984741211,21.149999618530273
352,GME,2024-05-29,22.0,21.239999771118164,22.979999542236328,21.049999237060547
353,GME,2024-05-30,21.020000457763672,22.610000610351562,22.700000762939453,20.100000381469727
354,GME,2024-05-31,22.579999923706055,23.139999389648438,23.719999313354492,21.68000030517578
355,GME,2024-06-03,40.189998626708984,28.0,40.5,26.399999618530273
356,GME,2024-06-04,26.260000228881836,26.5,28.010000228881836,25.200000762939453
357,GME,2024-06-05,26.299999237060547,31.56999969482422,31.84000015258789,26.110000610351562
358,GME,2024-06-06,31.56999969482422,46.54999923706055,47.5,31.280000686645508
359,GME,2024-06-07,37.689998626708984,28.219999313354492,48.0,26.1200008392334
360,GME,2024-06-10,28.969999313354492,24.829999923706055,29.34000015258789,23.059999465942383
361,GME,2024-06-11,24.399999618530273,30.489999771118164,30.920000076293945,22.790000915527344
362,GME,2024-06-12,29.170000076293945,25.459999084472656,33.70000076293945,24.829999923706055
363,GME,2024-06-13,26.559999465942383,29.1200008392334,29.579999923706055,25.559999465942383
364,GME,2024-06-14,29.229999542236328,28.700000762939453,30.65999984741211,27.40999984741211
365,GME,2024-06-17,28.549999237060547,25.219999313354492,29.18000030517578,23.790000915527344
366,GME,2024-06-18,24.579999923706055,24.700000762939453,25.969999313354492,23.610000610351562
367,GME,2024-06-20,24.25,25.59000015258789,25.93000030517578,23.649999618530273
368,GME,2024-06-21,25.239999771118164,23.93000030517578,25.809999465942383,23.510000228881836
369,GME,2024-06-24,23.260000228881836,23.649999618530273,24.829999923706055,23.239999771118164
370,GME,2024-06-25,23.600000381469727,24.93000030517578,24.969999313354492,22.549999237060547
371,GME,2024-06-26,24.600000381469727,24.200000762939453,25.3799991607666,24.040000915527344
372,GME,2024-06-27,24.100000381469727,25.09000015258789,26.690000534057617,24.059999465942383
373,GME,2024-06-28,25.020000457763672,24.690000534057617,26.170000076293945,24.309999465942383
374,GME,2024-07-01,23.350000381469727,23.329999923706055,23.780000686645508,22.309999465942383
375,GME,2024-07-02,23.239999771118164,23.979999542236328,24.31999969482422,23.100000381469727
376,GME,2024-07-03,24.030000686645508,24.3700008392334,24.889999389648438,23.649999618530273
377,GME,2024-07-05,24.18000030517578,24.18000030517578,25.079999923706055,23.81999969482422
378,GME,2024-07-08,24.1200008392334,24.450000762939453,25.139999389648438,23.850000381469727
379,GME,2024-07-09,24.600000381469727,24.600000381469727,25.18000030517578,24.0
380,GME,2024-07-10,25.0,24.969999313354492,26.450000762939453,24.899999618530273
381,GME,2024-07-11,25.440000534057617,25.56999969482422,26.020000457763672,25.020000457763672
382,GME,2024-07-12,25.760000228881836,26.049999237060547,26.889999389648438,25.420000076293945
383,GME,2024-07-15,25.979999542236328,27.0,27.200000762939453,25.649999618530273
384,GME,2024-07-16,27.75,28.540000915527344,28.829999923706055,27.3700008392334
385,GME,2024-07-17,28.399999618530273,27.979999542236328,29.790000915527344,27.239999771118164
386,GME,2024-07-18,27.979999542236328,25.8799991607666,28.3799991607666,25.610000610351562
387,GME,2024-07-19,25.549999237060547,24.969999313354492,26.389999389648438,24.850000381469727
388,GME,2024-07-22,24.84000015258789,25.219999313354492,25.979999542236328,24.3799991607666
389,GME,2024-07-23,25.219999313354492,25.5,25.68000030517578,24.889999389648438
390,GME,2024-07-24,25.149999618530273,24.010000228881836,25.450000762939453,23.93000030517578
391,GME,2024-07-25,23.59000015258789,23.950000762939453,24.59000015258789,23.360000610351562
392,GME,2024-07-26,24.280000686645508,24.1299991607666,24.770000457763672,24.110000610351562
393,GME,2024-07-29,24.229999542236328,23.600000381469727,24.3799991607666,23.540000915527344
394,GME,2024-07-30,23.600000381469727,22.399999618530273,23.889999389648438,22.34000015258789
395,GME,2024-07-31,22.860000610351562,22.670000076293945,23.450000762939453,22.610000610351562
396,GME,2024-08-01,22.920000076293945,21.709999084472656,23.09000015258789,21.559999465942383
397,GME,2024-08-02,20.950000762939453,21.06999969482422,21.610000610351562,20.43000030517578
398,GME,2024-08-05,18.829999923706055,20.649999618530273,20.799999237060547,18.729999542236328
399,GME,2024-08-06,21.020000457763672,21.280000686645508,21.579999923706055,20.260000228881836
400,GME,2024-08-07,21.149999618530273,20.829999923706055,21.459999084472656,20.3799991607666
401,GME,2024-08-08,21.010000228881836,21.75,21.8799991607666,20.809999465942383
402,GME,2024-08-09,21.510000228881836,21.93000030517578,22.170000076293945,21.459999084472656
403,GME,2024-08-12,21.979999542236328,21.8799991607666,22.270000457763672,21.450000762939453
404,GME,2024-08-13,21.959999084472656,22.270000457763672,22.3799991607666,21.860000610351562
405,GME,2024-08-14,22.34000015258789,21.989999771118164,22.729999542236328,21.790000915527344
406,GME,2024-08-15,22.25,22.530000686645508,22.84000015258789,21.969999313354492
407,GME,2024-08-16,22.3700008392334,22.399999618530273,22.690000534057617,22.239999771118164
408,GME,2024-08-19,22.350000381469727,22.65999984741211,23.100000381469727,22.31999969482422
409,GME,2024-08-20,22.5,22.280000686645508,22.520000457763672,21.959999084472656
410,GME,2024-08-21,22.170000076293945,22.549999237060547,22.649999618530273,22.15999984741211
411,GME,2024-08-22,22.5,22.1200008392334,22.760000228881836,22.09000015258789
412,GME,2024-08-23,22.25,22.209999084472656,22.6200008392334,22.18000030517578
413,GME,2024-08-26,22.25,21.360000610351562,22.389999389648438,21.299999237060547
414,GME,2024-08-27,21.059999465942383,20.739999771118164,21.290000915527344,20.65999984741211
415,GME,2024-08-28,20.709999084472656,19.899999618530273,21.06999969482422,19.8799991607666
416,GME,2024-08-29,20.5,21.510000228881836,22.450000762939453,20.469999313354492
417,GME,2024-08-30,21.81999969482422,23.420000076293945,23.479999542236328,21.729999542236328
418,GME,2024-09-03,24.149999618530273,23.139999389648438,24.690000534057617,22.81999969482422
419,GME,2024-09-04,22.850000381469727,22.1200008392334,23.709999084472656,22.110000610351562
420,GME,2024-09-05,22.0,22.389999389648438,22.68000030517578,21.65999984741211
421,GME,2024-09-06,22.399999618530273,23.920000076293945,24.479999542236328,21.799999237060547
422,GME,2024-09-09,23.239999771118164,24.25,25.020000457763672,23.15999984741211
423,GME,2024-09-10,24.770000457763672,23.450000762939453,24.799999237060547,23.1299991607666
424,GME,2024-09-11,20.81999969482422,20.639999389648438,21.09000015258789,19.309999465942383
425,GME,2024-09-12,20.469999313354492,20.399999618530273,20.709999084472656,19.989999771118164
426,GME,2024-09-13,20.489999771118164,20.649999618530273,20.920000076293945,20.34000015258789
427,GME,2024-09-16,20.450000762939453,20.09000015258789,20.520000457763672,19.920000076293945
428,GME,2024-09-17,20.239999771118164,20.15999984741211,20.559999465942383,19.920000076293945
429,GME,2024-09-18,20.049999237060547,19.649999618530273,20.260000228881836,19.420000076293945
430,GME,2024-09-19,19.889999389648438,19.510000228881836,20.030000686645508,19.469999313354492
431,GME,2024-09-20,19.6299991607666,21.850000381469727,22.030000686645508,19.479999542236328
432,GME,2024-09-23,21.540000915527344,22.309999465942383,22.559999465942383,21.229999542236328
433,GME,2024-09-24,22.610000610351562,22.6299991607666,22.719999313354492,21.540000915527344
434,GME,2024-09-25,22.15999984741211,22.18000030517578,22.829999923706055,22.06999969482422
435,GME,2024-09-26,22.399999618530273,22.290000915527344,22.639999389648438,21.8700008392334
436,GME,2024-09-27,22.389999389648438,22.479999542236328,23.100000381469727,21.969999313354492
437,GME,2024-09-30,22.299999237060547,22.93000030517578,23.639999389648438,22.170000076293945
438,GME,2024-10-01,22.950000762939453,21.969999313354492,23.1200008392334,21.809999465942383
439,GME,2024-10-02,21.860000610351562,21.489999771118164,22.299999237060547,21.40999984741211
440,GME,2024-10-03,21.360000610351562,21.200000762939453,21.790000915527344,21.110000610351562
441,GME,2024-10-04,21.479999542236328,21.399999618530273,21.969999313354492,21.290000915527344
442,GME,2024-10-07,21.350000381469727,20.899999618530273,21.530000686645508,20.809999465942383
443,GME,2024-10-08,20.899999618530273,20.709999084472656,21.270000457763672,20.530000686645508
444,GME,2024-10-09,20.5,20.5,20.739999771118164,20.299999237060547
445,GME,2024-10-10,20.469999313354492,20.90999984741211,21.049999237060547,20.3799991607666
446,GME,2024-10-11,20.65999984741211,20.829999923706055,21.219999313354492,20.65999984741211
447,GME,2024-10-14,20.75,21.329999923706055,21.670000076293945,20.459999084472656
448,GME,2024-10-15,21.450000762939453,21.270000457763672,21.68000030517578,20.979999542236328
449,GME,2024-10-16,21.1299991607666,21.65999984741211,21.75,21.030000686645508
450,GME,2024-10-17,21.5,21.40999984741211,21.65999984741211,21.229999542236328
451,GME,2024-10-18,21.40999984741211,21.219999313354492,21.610000610351562,20.979999542236328
452,GME,2024-10-21,21.100000381469727,20.700000762939453,21.219999313354492,20.65999984741211
453,GME,2024-10-22,20.6200008392334,20.93000030517578,20.940000534057617,20.43000030517578
454,GME,2024-10-23,20.729999542236328,20.540000915527344,20.979999542236328,20.350000381469727
455,GME,2024-10-24,20.6299991607666,20.6299991607666,20.84000015258789,20.479999542236328
456,GME,2024-10-25,20.649999618530273,20.56999969482422,21.43000030517578,20.540000915527344
457,GME,2024-10-28,20.84000015258789,22.729999542236328,22.770000457763672,20.729999542236328
458,GME,2024-10-29,22.700000762939453,22.68000030517578,23.200000762939453,22.09000015258789
459,GME,2024-10-30,23.399999618530273,23.280000686645508,24.540000915527344,22.75
460,GME,2024-10-31,22.829999923706055,22.18000030517578,23.030000686645508,22.049999237060547
461,GME,2024-11-01,22.399999618530273,22.40999984741211,23.049999237060547,22.079999923706055
462,GME,2024-11-04,22.200000762939453,22.329999923706055,22.649999618530273,21.8799991607666
463,GME,2024-11-05,22.31999969482422,22.989999771118164,23.200000762939453,22.270000457763672
464,GME,2024-11-06,23.309999465942383,23.100000381469727,23.81999969482422,22.899999618530273
465,GME,2024-11-07,23.06999969482422,23.450000762939453,23.65999984741211,22.809999465942383
466,GME,2024-11-08,23.440000534057617,24.8799991607666,25.389999389648438,23.239999771118164
467,GME,2024-11-11,25.260000228881836,27.260000228881836,28.049999237060547,24.6299991607666
468,GME,2024-11-12,26.059999465942383,26.84000015258789,27.100000381469727,24.950000762939453
469,GME,2024-11-13,26.260000228881836,26.459999084472656,28.219999313354492,26.219999313354492
470,GME,2024-11-14,27.170000076293945,27.3700008392334,28.280000686645508,26.719999313354492
471,GME,2024-11-15,28.079999923706055,26.59000015258789,28.59000015258789,26.31999969482422
472,GME,2024-11-18,26.649999618530273,26.440000534057617,27.15999984741211,25.850000381469727
473,GME,2024-11-19,25.889999389648438,27.56999969482422,27.600000381469727,25.709999084472656
474,GME,2024-11-20,27.260000228881836,28.450000762939453,29.799999237060547,27.260000228881836
475,GME,2024-11-21,29.09000015258789,27.81999969482422,29.170000076293945,27.18000030517578
476,GME,2024-11-22,27.8799991607666,27.899999618530273,28.459999084472656,27.420000076293945
477,GME,2024-11-25,28.049999237060547,29.670000076293945,29.770000457763672,27.959999084472656
478,GME,2024-11-26,29.399999618530273,30.329999923706055,32.119998931884766,28.780000686645508
479,GME,2024-11-27,30.799999237060547,30.889999389648438,31.549999237060547,30.510000228881836
480,GME,2024-11-29,31.010000228881836,29.049999237060547,31.079999923706055,28.850000381469727
481,GME,2024-12-02,28.959999084472656,27.270000457763672,29.3700008392334,26.75
482,GME,2024-12-03,26.549999237060547,27.440000534057617,27.59000015258789,26.489999771118164
483,GME,2024-12-04,27.06999969482422,27.030000686645508,27.829999923706055,26.6299991607666
484,GME,2024-12-05,27.0,28.6299991607666,30.8700008392334,26.149999618530273
485,GME,2024-12-06,29.1200008392334,29.059999465942383,29.350000381469727,28.110000610351562
486,GME,2024-12-09,29.0,27.93000030517578,29.860000610351562,27.739999771118164
487,GME,2024-12-10,27.8799991607666,26.93000030517578,28.389999389648438,26.850000381469727
488,GME,2024-12-11,27.75,28.969999313354492,30.15999984741211,27.510000228881836
489,GME,2024-12-12,28.899999618530273,28.75,29.65999984741211,28.579999923706055
490,GME,2024-12-13,28.700000762939453,27.989999771118164,28.860000610351562,27.920000076293945
491,GME,2024-12-16,27.700000762939453,29.440000534057617,29.59000015258789,27.270000457763672
492,GME,2024-12-17,29.639999389648438,31.260000228881836,31.8799991607666,29.639999389648438
493,GME,2024-12-18,31.100000381469727,28.549999237060547,31.700000762939453,28.34000015258789
494,GME,2024-12-19,29.15999984741211,29.0,30.600000381469727,28.81999969482422
495,GME,2024-12-20,28.540000915527344,29.81999969482422,30.520000457763672,28.309999465942383
496,GME,2024-12-23,29.81999969482422,30.899999618530273,31.110000610351562,29.780000686645508
497,GME,2024-12-24,31.0,31.139999389648438,31.59000015258789,30.579999923706055
498,GME,2024-12-26,32.619998931884766,32.9900016784668,34.369998931884766,31.600000381469727
499,GME,2024-12-27,32.38999938964844,32.20000076293945,33.04999923706055,30.729999542236328
500,GME,2024-12-30,31.799999237060547,32.0099983215332,32.880001068115234,31.610000610351562
501,GME,2024-12-31,32.060001373291016,31.34000015258789,32.439998626708984,31.100000381469727
502,GME,2025-01-02,31.84000015258789,30.65999984741211,32.04999923706055,30.3700008392334
503,GME,2025-01-03,30.799999237060547,31.649999618530273,32.13999938964844,30.56999969482422
504,GME,2025-01-06,31.700000762939453,32.81999969482422,33.4900016784668,30.760000228881836
505,GME,2025-01-07,32.79999923706055,33.369998931884766,34.400001525878906,31.709999084472656
506,GME,2025-01-08,32.970001220703125,32.959999084472656,33.369998931884766,32.40999984741211
507,GME,2025-01-10,32.5,32.310001373291016,32.939998626708984,31.399999618530273
508,GME,2025-01-13,31.600000381469727,31.020000457763672,31.799999237060547,30.899999618530273
509,GME,2025-01-14,31.260000228881836,27.8799991607666,31.68000030517578,27.559999465942383
510,GME,2025-01-15,28.899999618530273,27.959999084472656,29.329999923706055,27.84000015258789
511,GME,2025-01-16,27.940000534057617,27.719999313354492,28.139999389648438,27.40999984741211
512,GME,2025-01-17,27.610000610351562,27.510000228881836,28.790000915527344,27.020000457763672
513,GME,2025-01-21,27.399999618530273,27.469999313354492,27.56999969482422,26.329999923706055
514,GME,2025-01-22,27.360000610351562,27.649999618530273,28.020000457763672,27.299999237060547
515,GME,2025-01-23,27.8799991607666,28.329999923706055,29.260000228881836,27.68000030517578
516,GME,2025-01-24,28.299999237060547,27.770000457763672,28.670000076293945,27.6200008392334
517,GME,2025-01-27,26.920000076293945,26.969999313354492,27.68000030517578,26.799999237060547
518,GME,2025-01-28,27.0,27.459999084472656,27.59000015258789,26.649999618530273
519,GME,2025-01-29,27.40999984741211,27.510000228881836,27.739999771118164,27.059999465942383
520,GME,2025-01-30,27.84000015258789,27.989999771118164,28.229999542236328,27.709999084472656
521,GME,2025-01-31,27.790000915527344,26.899999618530273,28.18000030517578,26.899999618530273
522,GME,2025-02-03,25.56999969482422,25.889999389648438,26.540000915527344,25.5
523,GME,2025-02-04,25.850000381469727,25.899999618530273,26.25,25.799999237060547
524,GME,2025-02-05,25.700000762939453,24.93000030517578,25.809999465942383,24.899999618530273
525,GME,2025-02-06,24.93000030517578,24.799999237060547,25.389999389648438,24.530000686645508
526,GME,2025-02-07,24.899999618530273,24.729999542236328,25.020000457763672,24.600000381469727
527,GME,2025-02-10,25.5,27.1200008392334,27.270000457763672,25.299999237060547
528,GME,2025-02-11,26.850000381469727,26.559999465942383,27.760000228881836,26.469999313354492
529,GME,2025-02-12,26.1200008392334,25.989999771118164,26.399999618530273,25.600000381469727
530,GME,2025-02-13,25.75,26.34000015258789,26.399999618530273,25.75
531,GME,2025-02-14,28.899999618530273,27.0,28.969999313354492,26.899999618530273
532,GME,2025-02-18,27.030000686645508,26.969999313354492,27.59000015258789,26.65999984741211
533,GME,2025-02-19,26.799999237060547,26.0,26.959999084472656,25.920000076293945
534,GME,2025-02-20,25.799999237060547,27.040000915527344,27.450000762939453,25.760000228881836
535,GME,2025-02-21,27.25,26.420000076293945,27.579999923706055,26.15999984741211
536,GME,2025-02-24,26.34000015258789,25.0,26.389999389648438,24.950000762939453
537,GME,2025-02-25,24.93000030517578,24.420000076293945,25.290000915527344,23.829999923706055
538,GME,2025-02-26,24.540000915527344,24.610000610351562,25.209999084472656,24.450000762939453
539,GME,2025-02-27,25.0,24.479999542236328,25.3700008392334,24.139999389648438
540,GME,2025-02-28,24.329999923706055,25.040000915527344,25.100000381469727,24.200000762939453
541,GME,2025-03-03,25.260000228881836,24.399999618530273,25.479999542236328,24.18000030517578
542,GME,2025-03-04,23.770000457763672,24.299999237060547,24.860000610351562,23.440000534057617
543,GME,2025-03-05,24.329999923706055,25.06999969482422,25.15999984741211,24.110000610351562
544,GME,2025-03-06,24.739999771118164,24.200000762939453,25.010000228881836,24.049999237060547
545,GME,2025-03-07,24.0,24.0,24.350000381469727,23.520000457763672
546,GME,2025-03-10,23.440000534057617,22.420000076293945,23.579999923706055,22.260000228881836
547,GME,2025-03-11,22.350000381469727,22.610000610351562,22.979999542236328,22.079999923706055
548,GME,2025-03-12,22.950000762939453,21.989999771118164,23.239999771118164,21.889999389648438
549,GME,2025-03-13,22.049999237060547,21.950000762939453,22.25,21.559999465942383
550,GME,2025-03-14,22.290000915527344,23.049999237060547,23.149999618530273,22.290000915527344
551,GME,2025-03-17,23.239999771118164,23.5,23.729999542236328,22.969999313354492
552,GME,2025-03-18,23.290000915527344,23.299999237060547,23.6200008392334,23.139999389648438
553,GME,2025-03-19,23.399999618530273,23.709999084472656,23.989999771118164,23.260000228881836
554,GME,2025-03-20,23.649999618530273,23.510000228881836,24.1200008392334,23.510000228881836
555,GME,2025-03-21,23.75,24.75,24.809999465942383,23.649999618530273
556,GME,2025-03-24,25.350000381469727,25.610000610351562,25.829999923706055,25.149999618530273
557,GME,2025-03-25,25.700000762939453,25.399999618530273,25.770000457763672,24.989999771118164
558,GME,2025-03-26,28.84000015258789,28.360000610351562,29.799999237060547,27.31999969482422
559,GME,2025-03-27,25.8700008392334,22.09000015258789,26.280000686645508,21.15999984741211
560,GME,2025-03-28,21.889999389648438,21.729999542236328,22.790000915527344,21.700000762939453
561,GME,2025-03-31,21.399999618530273,22.31999969482422,22.6299991607666,20.729999542236328
562,GME,2025-04-01,22.760000228881836,22.610000610351562,23.25,21.950000762939453
563,GME,2025-04-02,22.489999771118164,22.690000534057617,23.020000457763672,22.25
564,GME,2025-04-03,21.600000381469727,21.100000381469727,21.780000686645508,21.079999923706055
565,GME,2025-04-04,21.420000076293945,23.489999771118164,23.850000381469727,20.780000686645508
566,GME,2025-04-07,22.600000381469727,24.290000915527344,25.020000457763672,22.399999618530273
567,GME,2025-04-08,24.81999969482422,23.389999389648438,24.93000030517578,22.969999313354492
568,GME,2025-04-09,23.030000686645508,25.399999618530273,25.459999084472656,23.030000686645508
569,GME,2025-04-10,25.0,25.020000457763672,26.200000762939453,24.40999984741211
570,GME,2025-04-11,25.5,26.399999618530273,26.440000534057617,25.25
571,GME,2025-04-14,26.65999984741211,26.979999542236328,27.18000030517578,25.68000030517578
572,GME,2025-04-15,26.8799991607666,26.700000762939453,27.3799991607666,26.6200008392334
573,GME,2025-04-16,26.450000762939453,26.25,26.65999984741211,25.719999313354492
574,GME,2025-04-17,26.209999084472656,26.780000686645508,27.190000534057617,26.170000076293945
575,GME,2025-04-21,26.709999084472656,26.770000457763672,27.040000915527344,25.790000915527344
576,GME,2025-04-22,26.989999771118164,27.799999237060547,27.940000534057617,26.8799991607666
577,GME,2025-04-23,28.200000762939453,27.1200008392334,28.25,26.959999084472656
578,GME,2025-04-24,27.100000381469727,27.079999923706055,27.579999923706055,26.84000015258789
579,GME,2025-04-25,27.1299991607666,27.459999084472656,27.799999237060547,27.1299991607666
580,GME,2025-04-28,27.399999618530273,27.59000015258789,27.59000015258789,26.979999542236328
581,GME,2025-04-29,27.450000762939453,27.260000228881836,27.940000534057617,27.260000228881836
582,GME,2025-04-30,26.899999618530273,27.860000610351562,27.93000030517578,26.790000915527344
583,GME,2025-05-01,27.979999542236328,27.43000030517578,28.350000381469727,27.420000076293945
584,GME,2025-05-02,27.700000762939453,27.479999542236328,27.920000076293945,27.149999618530273
585,GME,2025-05-05,27.329999923706055,26.600000381469727,27.40999984741211,26.350000381469727
586,GME,2025-05-06,26.440000534057617,26.040000915527344,26.5,25.670000076293945
587,GME,2025-05-07,26.190000534057617,26.010000228881836,26.34000015258789,25.8799991607666
588,GME,2025-05-08,26.299999237060547,26.780000686645508,26.989999771118164,26.18000030517578
589,GME,2025-05-09,26.780000686645508,27.540000915527344,27.729999542236328,26.760000228881836
590,GME,2025-05-12,28.059999465942383,28.049999237060547,28.18000030517578,27.290000915527344
591,GME,2025-05-13,28.049999237060547,28.389999389648438,28.860000610351562,28.049999237060547
592,GME,2025-05-14,28.479999542236328,28.729999542236328,29.389999389648438,28.299999237060547
593,GME,2025-05-15,28.579999923706055,28.6299991607666,28.639999389648438,27.420000076293945
594,GME,2025-05-16,28.610000610351562,28.450000762939453,29.059999465942383,28.299999237060547
595,GME,2025-05-19,27.75,27.889999389648438,28.200000762939453,27.690000534057617
596,GME,2025-05-20,27.889999389648438,28.510000228881836,28.780000686645508,27.850000381469727
597,GME,2025-05-21,28.399999618530273,28.049999237060547,29.190000534057617,28.020000457763672
598,GME,2025-05-22,28.549999237060547,30.860000610351562,31.0,28.489999771118164
599,GME,2025-05-23,30.600000381469727,33.029998779296875,33.209999084472656,30.549999237060547
600,GME,2025-05-27,33.970001220703125,35.0099983215332,35.7400016784668,33.630001068115234
601,GME,2025-05-28,35.779998779296875,31.209999084472656,35.810001373291016,30.729999542236328
602,GME,2025-05-29,31.170000076293945,29.56999969482422,31.350000381469727,29.31999969482422
603,GME,2025-05-30,29.200000762939453,29.799999237060547,30.489999771118164,29.190000534057617
604,GME,2025-06-02,29.8700008392334,30.639999389648438,30.8799991607666,29.729999542236328
605,GME,2025-06-03,30.809999465942383,30.100000381469727,31.049999237060547,30.020000457763672
606,GME,2025-06-04,29.899999618530273,29.950000762939453,30.969999313354492,29.34000015258789
607,GME,2025-06-05,29.809999465942383,29.450000762939453,30.610000610351562,29.229999542236328
608,GME,2025-06-06,29.68000030517578,29.579999923706055,30.0,29.520000457763672
609,GME,2025-06-09,29.920000076293945,30.34000015258789,30.489999771118164,29.450000762939453
610,GME,2025-06-10,30.540000915527344,30.149999618530273,30.600000381469727,29.65999984741211
611,GME,2025-06-11,29.020000457763672,28.549999237060547,29.40999984741211,28.420000076293945
612,GME,2025-06-12,23.56999969482422,22.139999389648438,24.299999237060547,21.540000915527344
613,GME,2025-06-13,22.18000030517578,22.139999389648438,23.149999618530273,22.100000381469727
614,GME,2025-06-16,22.770000457763672,23.31999969482422,23.459999084472656,22.40999984741211
615,GME,2025-06-17,23.0,22.989999771118164,23.780000686645508,22.790000915527344
616,GME,2025-06-18,23.06999969482422,23.440000534057617,23.950000762939453,22.93000030517578
617,GME,2025-06-20,23.520000457763672,23.459999084472656,23.729999542236328,23.1299991607666
618,GME,2025-06-23,23.030000686645508,22.81999969482422,23.329999923706055,22.450000762939453
619,GME,2025-06-24,23.030000686645508,23.290000915527344,23.329999923706055,22.850000381469727
620,GME,2025-06-25,23.3799991607666,23.549999237060547,23.690000534057617,23.049999237060547
621,GME,2025-06-26,23.399999618530273,23.8799991607666,24.059999465942383,23.299999237060547
622,GME,2025-06-27,23.989999771118164,23.59000015258789,24.260000228881836,23.459999084472656
623,GME,2025-06-30,23.639999389648438,24.389999389648438,24.399999618530273,23.540000915527344
